,predict_from,date_index,actuals,Naive,SARIMA-p1_auto_regressive:1-p2_integrated:0-p3_moving_average:0,SARIMA-p1_auto_regressive:2-p2_integrated:0-p3_moving_average:0,SARIMA-p1_auto_regressive:1-p2_integrated:1-p3_moving_average:0,SARIMA-p1_auto_regressive:2-p2_integrated:1-p3_moving_average:0,ExponentialSmoothing-p1_trend_type:None,ExponentialSmoothing-p1_trend_type:add,ExponentialSmoothing-p1_trend_type:mul,ExponentialSmoothing-p1_trend_type:None-p2_seasonal_period:12-p3_seasonal_type:add,ExponentialSmoothing-p1_trend_type:None-p2_seasonal_period:12-p3_seasonal_type:mul,ExponentialSmoothing-p1_trend_type:add-p2_seasonal_period:12-p3_seasonal_type:add,ExponentialSmoothing-p1_trend_type:add-p2_seasonal_period:12-p3_seasonal_type:mul,ExponentialSmoothing-p1_trend_type:mul-p2_seasonal_period:12-p3_seasonal_type:add,ExponentialSmoothing-p1_trend_type:mul-p2_seasonal_period:12-p3_seasonal_type:mul,series_id
133,134,134,4997.3,4630.1,3705.886082,5069.835896,5096.070831,5072.309434,4915.897935,5146.247551,5252.772864,4994.9941,4895.586133,5163.664576,5165.419575,5135.250186,5122.322989,N2576
133,133,134,4997.3,5519.5,4411.882846,5094.125913,5132.605768,5068.675358,4963.640812,5174.152879,5283.11457,4864.865424,4826.758726,5181.403188,5109.89386,5143.908185,5122.428709,N2576
132,133,133,4630.1,5519.5,3449.638675,4691.732977,4729.002364,4562.016424,4963.640812,5138.506748,5238.385612,4394.422473,4216.366837,4845.53665,4537.390919,4843.169793,4632.468808,N2576
131,132,132,5519.5,5024,7759.981405,7794.622764,5362.08981,5434.504664,4870.78389,5079.915136,5174.112573,5381.968561,5662.529784,5338.64862,5932.847475,5389.980166,5611.733632,N2576
132,132,133,4630.1,5024,2322.614654,2238.931164,4709.666571,4578.265633,4870.78389,5114.369789,5216.675963,4454.744934,4299.107666,4979.478893,4700.371198,4837.906809,4635.543891,N2576
133,132,134,4997.3,5024,5039.950678,5146.058446,5027.622773,5030.354392,4870.78389,5148.824441,5259.589489,4918.016224,4860.005524,5181.67444,5135.776101,5138.609021,5125.829372,N2576
130,131,131,5024,4999.4,4745.981421,4821.468926,4915.265035,4807.854731,4845.188961,5079.975217,5139.201859,4824.944442,4754.539123,5037.929338,4945.165689,4961.036965,4951.794242,N2576
131,131,132,5519.5,4999.4,7895.433021,7922.748555,5331.0489,5442.562144,4845.188961,5115.020382,5182.468549,5345.657977,5628.185222,5348.942916,5932.262102,5560.128904,5608.432867,N2576
132,131,133,4630.1,4999.4,2249.743843,2209.665401,4621.739255,4458.521008,4845.188961,5150.065546,5226.099499,4420.025791,4254.860933,4970.273666,4622.44558,4597.805408,4632.817038,N2576
133,131,134,4997.3,4999.4,5073.312758,5125.613563,4977.732295,4930.754926,4845.188961,5185.11071,5270.097776,4882.57217,4835.900824,5182.806331,5131.477565,5109.260558,5122.813808,N2576
132,130,133,4630.1,4957.5,2217.809033,2235.876584,4556.241325,4445.934342,4801.487362,5153.919452,5229.228082,4328.519777,4301.360207,4989.65347,4637.461617,4838.202186,4634.413005,N2576
133,130,134,4997.3,4957.5,5093.294147,5100.800145,4874.439255,4922.97812,4801.487362,5189.140683,5272.83918,4850.650378,4814.649842,5193.709974,5127.859941,5138.906429,5124.578751,N2576
131,130,132,5519.5,4957.5,7965.721839,7965.552951,5208.418584,5426.342483,4801.487362,5118.698222,5185.977686,5384.475197,5607.141774,5349.718741,5936.701028,5390.273527,5610.364733,N2576
130,130,131,5024,4957.5,4619.904196,4645.622115,4868.687733,4808.496741,4801.487362,5083.476992,5143.08501,4795.990374,4703.473607,5046.303653,4940.50308,4990.200409,4953.499753,N2576
129,130,130,4999.4,4957.5,5256.176817,5275.974513,4848.178813,4970.567472,4801.487362,5048.255762,5100.547095,4852.661646,4763.623832,5105.964879,4995.939717,5041.852268,5042.414718,N2576
128,129,129,4957.5,4721.8,5006.419693,5035.891199,5012.652453,5209.863377,4785.077201,4979.462865,5064.438811,4233.678551,3972.083663,4473.49332,4240.243822,4390.17495,4199.310712,N2576
129,129,130,4999.4,4721.8,5232.15368,5226.114568,4865.380761,4964.847611,4785.077201,5014.072011,5107.640888,4703.732212,4644.219025,5065.157908,4948.69125,4958.704193,4888.612232,N2576
130,129,131,5024,4721.8,4632.927152,4657.345479,4911.99099,4944.184628,4785.077201,5048.681158,5151.211499,4645.340894,4558.955743,5003.556567,4890.514233,4904.187596,4800.173895,N2576
131,129,132,5519.5,4721.8,7960.236128,7973.778404,5233.985479,5538.228995,4785.077201,5083.290304,5195.153789,5258.071336,5452.415858,5311.769741,5809.524545,5302.307764,5767.527848,N2576
132,129,133,4630.1,4721.8,2221.290694,2228.412124,4593.739348,4517.848443,4785.077201,5117.899451,5239.470926,4163.099464,4107.362338,4933.0251,4512.128257,4744.82776,4487.352079,N2576
133,129,134,4997.3,4721.8,5092.209613,5104.592728,4903.630449,5049.483811,4785.077201,5152.508597,5284.166111,4702.555033,4640.539849,5142.462149,5053.125509,5043.642351,4968.704873,N2576
130,128,131,5024,5143.8,4636.300866,4657.627152,5137.952678,5030.741835,4786.333344,5111.683634,5168.763303,4743.30378,4626.688816,5070.467074,4911.764691,4994.630172,4944.175724,N2576
133,128,134,4997.3,5143.8,5091.398376,5104.626001,5211.65227,5115.374738,4786.333344,5221.23346,5302.667287,4788.015088,4708.543884,5220.74641,5101.583569,5143.428145,5115.486698,N2576
132,128,133,4630.1,5143.8,2222.097705,2228.534504,4870.348326,4617.501912,4786.333344,5184.716851,5257.651557,4297.877622,4168.149766,4999.232925,4739.285311,4842.693041,4762.923714,N2576
131,128,132,5519.5,5143.8,7957.8556,7973.537108,5545.329991,5580.983453,4786.333344,5148.200243,5213.017977,5311.738861,5472.532533,5389.67871,6045.919579,5394.733731,5475.278963,N2576
128,128,129,4957.5,5143.8,5020.290164,5034.087548,5164.48134,5205.946463,4786.333344,5038.650417,5081.377835,4332.2189,4000.207973,4534.396129,4330.156684,4474.299502,4072.729414,N2576
127,128,128,4721.8,5143.8,4693.592944,4724.633535,5208.90584,4907.539718,4786.333344,5002.133809,5038.240689,5163.538528,5246.114031,5410.319578,5540.659808,5333.937455,5615.393621,N2576
129,128,130,4999.4,5143.8,5224.597414,5226.540093,5244.929036,5063.900184,4786.333344,5075.167026,5124.884319,4792.382501,4665.90842,5127.170976,4993.97072,5046.251798,5054.119594,N2576
133,127,134,4997.3,5342.2,5091.591882,5104.263458,5038.009081,5011.149058,4732.148522,5151.923957,5295.145212,4695.559052,4632.811705,5198.836245,5094.722364,5133.633818,5104.914186,N2576
126,127,127,5143.8,5342.2,5192.181403,5278.777264,4833.241847,4877.554322,4732.148522,4909.623256,4986.544912,4695.783624,4627.047818,4973.426019,4888.081527,4912.472713,4892.883249,N2576
127,127,128,4721.8,5342.2,4669.868946,4638.939358,5114.284936,4915.005959,4732.148522,4944.237642,5029.504296,5057.031074,5188.475963,5393.756598,5502.260683,5324.537568,5603.794877,N2576
128,127,129,4957.5,5342.2,5033.248323,5054.379454,4920.466246,5062.992911,4732.148522,4978.852028,5072.833777,4226.781649,3970.864987,4515.096312,4290.469454,4464.834996,4064.316243,N2576
129,127,130,4999.4,5342.2,5218.944922,5240.246191,5103.511038,4941.349158,4732.148522,5013.466414,5116.536545,4696.760682,4636.009754,5109.527808,4993.842818,5036.722228,5043.678089,N2576
130,127,131,5024,5342.2,4640.054731,4645.453448,4926.336315,4960.848095,4732.148522,5048.0808,5160.615815,4638.430766,4545.476477,5050.975632,4928.63327,4985.035092,4933.960335,N2576
131,127,132,5519.5,5342.2,7957.190048,7980.962825,5377.228054,5439.404486,4732.148522,5082.695185,5205.07483,5250.985227,5474.437116,5362.445984,5943.483388,5385.07269,5463.965107,N2576
132,127,133,4630.1,5342.2,2223.191919,2229.487168,4678.097022,4531.108389,4732.148522,5117.309571,5249.916862,4156.387846,4108.069606,4986.010502,4568.723369,4832.965586,4753.08085,N2576
130,126,131,5024,4566.1,4637.666321,4650.670804,4751.271367,4860.13435,4639.479452,5017.278674,5141.411438,4623.872094,4535.27043,5032.809095,4912.178109,4974.195406,4931.274009,N2576
133,126,134,4997.3,4566.1,5093.512057,5106.166643,4832.373461,4924.443592,4639.479452,5117.216073,5268.355468,4671.824645,4603.243856,5176.911956,5081.375879,5121.110927,5102.13395,N2576
132,126,133,4630.1,4566.1,2222.860045,2228.563238,4500.236092,4460.283766,4639.479452,5083.903606,5225.696302,4200.314036,4073.437895,4965.992678,4591.922043,4951.21216,4750.492488,N2576
131,126,132,5519.5,4566.1,7961.309802,7982.920906,5153.639819,5357.678149,4639.479452,5050.59114,5183.382558,5181.029979,5379.851593,5342.217949,5944.625175,5249.902431,5460.989919,N2576
126,126,127,5143.8,4566.1,5138.653279,5210.491888,4729.088974,4881.121225,4639.479452,4884.028808,4976.898057,4667.926228,4604.807353,4960.220632,4870.099257,4901.997832,4890.220353,N2576
129,126,130,4999.4,4566.1,5227.669512,5230.597235,4873.231792,4885.892707,4639.479452,4983.966207,5099.780169,4674.603504,4627.816418,5092.625277,5052.130314,5038.934284,5040.932301,N2576
128,126,129,4957.5,4566.1,5020.412115,5065.267752,4767.629006,4969.784384,4639.479452,4950.653741,5058.485999,4207.659605,3958.832112,4499.314572,4268.179266,4432.951266,4062.103843,N2576
127,126,128,4721.8,4566.1,4699.178252,4655.071182,4851.841164,4806.695594,4639.479452,4917.341274,5017.526197,5041.979556,5178.32275,5379.374071,5487.363998,5322.667233,5600.744771,N2576
125,126,126,5342.2,4566.1,5451.714696,5449.711889,5006.271863,5138.969908,4639.479452,4850.716342,4936.598893,4994.087161,5069.59555,5163.93649,5331.739535,5093.85584,5271.084887,N2576
131,125,132,5519.5,5131.3,7962.384258,7982.948477,5404.4956,5473.265298,4650.829661,5069.680558,5199.887322,5219.458207,5369.608125,5394.841053,6052.834559,5263.480836,5476.374973,N2576
129,125,130,4999.4,5131.3,5225.323779,5231.603252,5108.466071,5030.970396,4650.829661,5001.595767,5111.923834,4665.317167,4637.943463,5137.440452,5017.242718,5052.327931,5055.131103,N2576
132,125,133,4630.1,5131.3,2223.912501,2228.806104,4772.100078,4581.482285,4650.829661,5103.722953,5244.435061,4126.026881,4102.81411,5015.59406,4747.596924,4964.883897,4763.87722,N2576
133,125,134,4997.3,5131.3,5094.562394,5106.329058,5089.442475,5032.853245,4650.829661,5137.765348,5289.364443,4664.616543,4629.800204,5231.922716,5110.158369,5134.876637,5116.510885,N2576
130,125,131,5024,5131.3,4640.721412,4650.902538,5034.056539,4963.036931,4650.829661,5035.638162,5155.717984,4607.227517,4547.78681,5080.402001,4918.935024,4987.681115,4945.165325,N2576
126,125,127,5143.8,5131.3,5167.792528,5213.571218,5078.8215,5036.777728,4650.829661,4899.468581,4982.760771,4663.908846,4628.2687,4997.952618,4875.67269,4915.119044,4903.990514,N2576
128,125,129,4957.5,5131.3,5028.911846,5063.38914,5072.039311,5047.946144,4650.829661,4967.553372,5068.501684,4195.283896,3944.168989,4542.412672,4323.109239,4446.253478,4073.544434,N2576
125,125,126,5342.2,5131.3,5398.467292,5436.628886,5144.64796,5133.342244,4650.829661,4865.426186,4940.435769,4986.627444,5097.094265,5199.967369,5343.066832,5106.887478,5285.926024,N2576
124,125,125,4566.1,5131.3,4674.528045,4586.648057,5011.008289,4854.571062,4650.829661,4831.38379,4898.470287,4704.336064,4688.045074,4966.236012,4881.63966,4886.803434,4907.482408,N2576
127,125,128,4721.8,5131.3,4686.200198,4657.145183,5055.708182,4939.325486,4650.829661,4933.510976,5025.448374,5025.421181,5194.069348,5419.382207,5564.17053,5335.878636,5616.517244,N2576
128,124,129,4957.5,4952,5036.64114,5044.712224,4907.350411,4044.130283,4577.524254,4942.433632,5054.584038,4151.104609,3899.177193,4512.345395,4316.8318,4433.356374,4063.549124,N2576
133,124,134,4997.3,4952,5089.8023,5103.17423,4901.976941,4269.897217,4577.524254,5107.5894,5265.479394,4611.625568,4559.505458,5195.558571,5100.19069,5121.530133,5103.950161,N2576
132,124,133,4630.1,4952,2222.824117,2227.741965,4596.933878,3948.572638,4577.524254,5074.558247,5222.607864,4120.115282,4064.500557,4983.61982,4609.747438,4951.628508,4752.183359,N2576
131,124,132,5519.5,4952,7954.000034,7974.296215,5208.830124,4624.126669,4577.524254,5041.527093,5180.085394,5136.319249,5295.228844,5358.876707,5945.048082,5250.31594,5462.933491,N2576
130,124,131,5024,4952,4639.880468,4652.510684,4859.714155,4287.827098,4577.524254,5008.495939,5137.909141,4564.8114,4472.197603,5048.12143,4926.889679,4974.606095,4933.028882,N2576
129,124,130,4999.4,4952,5214.740832,5226.880291,4910.307251,4393.61392,4577.524254,4975.464785,5096.076288,4612.153936,4534.651111,5106.863358,4933.009854,5039.342174,5042.726022,N2576
127,124,128,4721.8,4952,4658.603194,4691.938922,4843.49944,4569.147749,4577.524254,4909.402478,5013.429618,4980.317108,5077.760081,5391.30081,5449.540586,5323.069579,5602.737299,N2576
126,124,127,5143.8,4952,5209.706016,5175.032866,4935.60306,4108.407665,4577.524254,4876.371324,4972.610277,4606.869164,4551.487262,4971.077256,4898.099797,4902.397434,4891.959933,N2576
125,124,126,5342.2,4952,5302.9242,5378.908083,4899.750461,4139.870663,4577.524254,4843.340171,4932.123287,4939.080841,5014.642381,5173.591316,5369.429267,5094.252717,5272.959767,N2576
124,124,125,4566.1,4952,4849.051612,4829.609173,4914.297698,4985.370786,4577.524254,4810.309017,4891.965942,4653.029166,4603.207725,4941.843315,4879.916465,4874.254931,4895.445668,N2576
123,124,124,5131.3,4952,4776.48903,4750.117614,4820.61219,3219.231547,4577.524254,4777.277863,4852.135559,4652.47259,4601.523652,4890.000078,4857.095135,4822.486404,4836.655811,N2576
133,123,134,4997.3,4724.5,5086.244749,5111.386065,3664.023291,4224.991395,4521.308972,5089.606942,5263.893256,4486.769691,4454.45637,5180.991929,5048.326948,5112.466552,5012.891754,N2576
132,123,133,4630.1,4724.5,2220.828594,2228.122402,3273.718643,3898.20367,4521.308972,5057.17138,5221.404316,4044.892925,3993.983172,4956.942119,4742.751339,4943.110386,4671.933164,N2576
131,123,132,5519.5,4724.5,7948.860704,7984.211235,4007.207861,4595.531684,4521.308972,5024.735817,5179.258336,4994.245939,5280.493225,5353.605966,5965.806134,5241.855968,5378.17032,N2576
130,123,131,5024,4724.5,4635.081078,4666.181102,3507.593671,4227.357063,4521.308972,4992.300255,5137.45255,4449.631588,4411.457322,5034.521299,4868.177492,4966.203877,4856.048352,N2576
129,123,130,4999.4,4724.5,5213.628128,5218.116023,3749.69494,4355.019391,4521.308972,4959.864693,5095.98421,4501.69526,4473.095884,5093.093386,4982.475486,5030.997314,4965.165957,N2576
128,123,129,4957.5,4724.5,5027.604886,5059.445872,3488.756858,4017.46896,4521.308972,4927.429131,5054.850593,4028.672855,3843.275961,4502.761533,4280.454975,4425.068482,4004.470266,N2576
127,123,128,4721.8,4724.5,4665.63212,4726.800724,3773.167544,4487.629917,4521.308972,4894.993569,5014.048997,4866.217029,5019.997003,5380.318496,5537.414586,5314.838266,5520.118833,N2576
125,123,126,5342.2,4724.5,5339.18739,5470.831702,4001.784839,4079.413988,4521.308972,4830.122445,4933.43117,4810.133465,4933.358591,5168.354966,5298.255803,5086.133406,5199.966198,N2576
124,123,125,4566.1,4724.5,4766.767293,4911.177937,3138.177145,4910.11792,4521.308972,4797.686883,4893.609644,4532.11193,4519.564381,4935.100901,4844.585355,4866.191048,4828.966595,N2576
123,123,124,5131.3,4724.5,4927.272027,4352.717168,4236.478349,3254.038353,4521.308972,4765.251321,4854.109548,4528.758685,4512.793869,4884.752858,4799.368213,4814.477571,4772.520493,N2576
122,123,123,4952,4724.5,4645.93317,5549.387976,2746.287584,4819.388028,4521.308972,4732.815759,4814.928288,4536.656996,4520.928438,4829.746725,4791.089749,4754.905787,4719.543827,N2576
126,123,127,5143.8,4724.5,5185.385853,5097.691183,3392.380781,4106.339849,4521.308972,4862.558007,4973.576742,4490.256536,4476.669012,4961.746065,4830.755414,4894.222313,4822.259609,N2576
128,122,129,4957.5,2062.9,5013.2044,3896.795725,3984.282025,4695.141367,4490.509261,4925.599565,5053.306332,4045.81487,3800.771,4503.601691,4266.422004,4424.466974,4001.448561,N2576
255,122,122,12170.5,12089.7,12133.2922,12336.59374,12269.62655,12196.442,12239.32262,12452.83125,12487.34437,12230.12636,12134.68038,12381.84036,12339.17921,12405.45022,12388.25849,N2542
132,122,133,4630.1,2062.9,2226.043497,3805.89029,3951.501727,4452.749265,4490.509261,5055.066743,5219.821904,4193.13085,4244.074177,5077.179132,4778.177712,5034.371524,4851.686315,N2576
131,122,132,5519.5,2062.9,7989.171849,4987.757847,5116.024779,5338.632572,4490.509261,5022.699949,5177.685541,5021.669103,5173.743476,5348.761911,5806.338298,5241.241971,5374.019036,N2576
130,122,131,5024,2062.9,4642.454309,3992.972926,4106.047996,4640.327349,4490.509261,4990.333154,5135.889317,4465.515891,4363.581424,5038.354521,4949.616693,4965.594071,4852.328075,N2576
129,122,130,4999.4,2062.9,5256.131297,4832.326547,4949.802553,5080.895496,4490.509261,4957.96636,5094.430489,4517.95892,4456.000281,5097.572367,5004.567558,5030.391672,4961.390705,N2576
126,122,127,5143.8,2062.9,5102.745416,3696.456307,3759.202333,5226.867287,4490.509261,4860.865977,4972.051247,4508.607225,4442.138997,4963.25748,4920.115,4893.62899,4818.676411,N2576
127,122,128,4721.8,2062.9,4746.012061,4990.570394,5089.350244,4757.756078,4490.509261,4893.232771,5012.514145,4881.647299,4992.859177,5382.99792,5458.740429,5314.240864,5515.985267,N2576
125,122,126,5342.2,2062.9,5540.538859,5382.462755,5457.697168,4229.943161,4490.509261,4828.499182,4931.914981,4830.620794,4891.779849,5166.292707,5372.401611,5085.544133,5196.13232,N2576
124,122,125,4566.1,2062.9,4479.818809,3316.322309,3356.92838,5566.840199,4490.509261,4796.132388,4892.10271,4551.678275,4501.869556,4934.954299,4909.704162,4865.605798,4825.434089,N2576
123,122,124,5131.3,2062.9,5474.060145,5788.956269,5843.270804,4441.996596,4490.509261,4763.765593,4852.611819,4547.780811,4493.271881,4883.570295,4875.868561,4813.896315,4769.056791,N2576
122,122,123,4952,2062.9,3763.655562,2802.636014,2821.587465,4278.695433,4490.509261,4731.398799,4813.439713,4554.128685,4503.283197,4826.856454,4850.539824,4754.3285,4716.14578,N2576
121,122,122,4724.5,2062.9,6289.238633,6422.347254,6452.428461,6565.897391,4490.509261,4699.032005,4774.583819,4490.728778,4422.102637,4775.247505,4726.707716,4710.293188,4642.283391,N2576
254,121,121,12089.7,13036.6,12730.60237,12554.29225,12458.50901,12386.03577,12922.89736,12900.44918,12949.37238,12538.12919,12445.36803,12519.41465,12539.84659,12576.29963,12582.55851,N2542
255,121,122,12170.5,13036.6,12800.94414,12666.16019,12517.55625,12373.62137,12922.89736,13014.28754,13090.39369,12594.7033,12433.18292,12670.14595,12627.9708,12740.51452,12699.03113,N2542
255,120,122,12170.5,12106.2,12286.35033,12263.49526,12120.69569,12136.50563,12056.88958,12306.13019,12410.99186,12143.31534,12267.71406,12387.58557,12522.41095,12462.60187,12674.89717,N2542
254,120,121,12089.7,12106.2,12224.31498,12204.15734,12107.81707,12111.52884,12056.88958,12218.32565,12291.75332,12122.35421,12302.82508,12269.61373,12443.59266,12322.49672,12554.10645,N2542
253,120,120,13036.6,12106.2,12502.86397,12493.68086,12495.09478,12555.40987,12056.88958,12130.52112,12173.66036,12442.80641,12698.60091,12562.78493,12901.27848,12529.13348,12966.50772,N2542
578,120,120,22085,21710,21775.67144,21905.3976,21869.45502,21709.94207,21705.54608,21540.89008,21577.15846,21826.34907,22079.38628,21692.53146,21938.01742,21671.28507,21956.08572,N2515
253,119,120,13036.6,11796.4,12391.67541,12463.89506,12441.24582,12570.07019,11784.48019,11974.88551,12047.71854,12233.80367,12659.73255,12531.44785,12934.49381,12440.88017,13028.2812,N2542
254,119,121,12089.7,11796.4,12113.32791,12171.61374,12051.51129,12123.13487,11784.48019,12057.10577,12162.07857,11932.23728,12122.7025,12265.13124,12488.60642,12269.47403,12593.57735,N2542
578,119,120,22085,20815,20951.04608,20863.98925,20802.62467,20779.36889,20819.21649,20552.60783,20580.82442,20806.871,20786.15579,20324.65629,20398.2724,20449.57675,20442.7572,N2515
252,119,119,12106.2,11796.4,11999.91848,12066.47979,12035.73987,12126.30549,11784.48019,11892.66526,11934.43384,11866.03343,11963.09853,12042.09336,12129.54061,12006.72323,12183.0248,N2542
577,119,119,21710,20815,20915.47513,20832.20757,20800.33106,20901.08772,20819.21649,20727.84565,20741.98796,20606.52042,20432.39126,20386.45447,20231.95355,20438.69985,20273.09115,N2515
255,119,122,12170.5,11796.4,12172.94742,12231.57091,12066.0779,12150.27542,11784.48019,12139.32603,12277.52413,11940.4048,12118.17751,12378.75379,12582.93077,12399.05802,12717.76479,N2542
253,118,120,13036.6,11709.8,12579.46132,12720.66742,12669.81783,12775.39113,11719.83341,12015.21606,12115.26767,12185.69967,12658.18973,12604.84922,13063.23458,12524.87325,13161.44166,N2542
252,118,119,12106.2,11709.8,12177.6668,12276.50742,12225.10651,12331.76345,11719.83341,11931.17259,12000.13843,11813.95312,11960.49995,12102.69059,12246.36492,12087.60891,12319.43456,N2542
254,118,121,12089.7,11709.8,12298.51751,12408.69854,12257.28431,12337.32342,11719.83341,12099.25954,12231.50145,11881.33807,12117.40523,12314.2369,12613.17732,12356.62692,12736.31541,N2542
251,118,118,11796.4,11709.8,11967.71225,12082.71761,12051.03763,12093.55808,11719.83341,11847.12911,11886.10325,11738.0335,11793.13511,11919.08943,11966.62907,11911.39945,12011.39786,N2542
578,118,120,22085,21660,21807.13813,21956.77023,21830.94196,21953.88134,21658.29841,21384.25816,21460.08731,21654.35461,22017.49265,21377.93942,21798.6738,21657.72925,21874.80968,N2515
577,118,119,21710,21660,21764.81338,21888.05809,21806.73919,21900.03775,21658.29841,21459.23319,21510.32703,21569.03384,21630.35522,21356.78017,21486.83935,21541.71283,21536.62399,N2515
576,118,118,20815,21660,21673.04371,21724.38394,21692.72821,21692.96422,21658.29841,21534.20821,21560.68437,21850.45405,22050.29166,21709.85447,21976.81766,21808.56526,22002.16395,N2515
255,118,122,12170.5,11709.8,12361.97533,12475.75855,12274.47228,12359.05739,11719.83341,12183.30301,12348.85038,11893.23927,12104.96908,12433.52408,12712.60628,12489.42387,12851.774,N2542
255,117,122,12170.5,11788.6,12693.51221,12741.97061,12482.50015,12593.66406,11774.45026,12342.79367,12532.61345,11885.63226,12122.73223,12586.06813,12870.5617,12757.66133,13022.12002,N2542
254,117,121,12089.7,11788.6,12622.16768,12669.83167,12465.63095,12575.8005,11774.45026,12252.79109,12409.74935,11857.81082,12127.79424,12453.31673,12762.80557,12598.3747,12902.06074,N2542
253,117,120,13036.6,11788.6,12902.07063,12980.31202,12885.82518,13042.85297,11774.45026,12162.7885,12288.08975,12186.90802,12667.8897,12783.41058,13208.65909,12876.44472,13333.74676,N2542
252,117,119,12106.2,11788.6,12485.96194,12532.58885,12437.96018,12540.58206,11774.45026,12072.78591,12167.62284,11798.06593,11968.72375,12264.72905,12379.48301,12336.6788,12475.34214,N2542
575,117,117,21660,21320,21355.77479,21386.50017,21353.90773,21316.10224,21320,21146.18029,21168.08232,21288.84993,21301.79037,21135.66067,21178.2581,21162.09931,21188.21554,N2515
576,117,118,20815,21320,21366.38661,21399.70707,21332.85193,21292.10707,21320,21002.20063,21039.31029,21495.29419,21687.42076,21193.7753,21436.78156,21260.41584,21457.69682,N2515
251,117,118,11796.4,11788.6,12265.5486,12297.88609,12234.92644,12315.82214,11774.45026,11982.78333,12048.33694,11738.2668,11801.64534,12077.83898,12091.82174,12116.92981,12162.19722,N2542
250,117,117,11709.8,11788.6,11996.33501,12010.4762,11965.14814,12053.23567,11774.45026,11892.78074,11930.22047,11719.66271,11721.38561,11938.23527,11888.41563,11950.40149,11934.58875,N2542
577,117,119,21710,21320,21444.88754,21540.91822,21428.13481,21418.84564,21320,20858.22097,20911.32162,21262.73346,21274.39501,20786.98032,20906.05284,20906.54161,20937.74044,N2515
578,117,120,22085,21320,21480.74125,21600.94153,21448.6305,21447.85643,21320,20714.24131,20784.11155,21427.02317,21655.16151,20809.02591,21155.54425,20966.0562,21199.76013,N2515
574,116,116,21320,21255,21273.19494,21229.29145,21199.87287,21229.12681,21256.24594,21076.82632,21094.80331,21253.90547,21039.61707,21102.35597,20839.25871,20929.95649,20862.671,N2515
578,116,120,22085,21255,21431.7315,21485.30952,21303.30872,21313.16325,21256.24594,20350.71457,20444.0811,21366.827,21371.77613,20452.6733,20380.26592,20515.21401,20491.92497,N2515
575,116,117,21660,21255,21308.39708,21278.35894,21212.15472,21210.02037,21256.24594,20895.29838,20930.2063,21226.88934,21023.0293,20932.93503,20629.02306,20774.87296,20671.84801,N2515
576,116,118,20815,21255,21318.29974,21286.89434,21186.76408,21166.66348,21256.24594,20713.77044,20766.8936,21435.1337,21403.61323,20960.91621,20805.17927,20879.61932,20870.05797,N2515
577,116,119,21710,21255,21396.45441,21426.80289,21282.65771,21288.41757,21256.24594,20532.2425,20604.85518,21203.34066,20995.99245,20497.65134,20215.4389,20399.37794,20301.40018,N2515
255,116,122,12170.5,11674.9,12691.81354,12845.09437,12517.64428,12599.99841,11697.05816,12375.76715,12606.14718,11824.70581,11839.85114,12738.68562,12936.28271,12792.08369,13104.15096,N2542
254,116,121,12089.7,11674.9,12620.51373,12769.95302,12500.68491,12581.958,11697.05816,12286.19568,12481.14392,11828.38016,11873.73758,12601.73618,12831.09025,12631.50966,12951.98595,N2542
252,116,119,12106.2,11674.9,12484.39472,12626.22719,12472.64105,12547.27908,11697.05816,12107.05275,12234.84371,11738.96776,11659.31617,12384.69269,12438.40822,12395.88372,12506.34461,N2542
251,116,118,11796.4,11674.9,12264.04615,12392.63434,12270.41307,12321.07581,11697.05816,12017.48128,12113.52231,11665.00701,11560.61484,12181.66171,12146.40377,12201.37875,12196.71084,N2542
250,116,117,11709.8,11674.9,11994.9039,12089.38268,11995.55371,12059.11876,11697.05816,11927.90981,11993.40394,11641.82401,11451.28195,12025.63021,11937.42234,12049.49762,12008.33379,N2542
249,116,116,11788.6,11674.9,11787.23069,11901.78532,11832.21,11798.49564,11697.05816,11838.33834,11874.47668,11701.23126,11636.94881,11921.83818,11869.11652,11945.22912,11916.53403,N2542
253,116,120,13036.6,11674.9,12900.40945,13079.13841,12922.18353,13049.39622,11697.05816,12196.62422,12357.38019,12115.69849,12255.70988,12904.30937,13282.90671,12898.62459,13401.62939,N2542
575,115,117,21660,21505,21594.51496,21671.43408,21554.85355,21460.97936,21504.18858,20937.86362,20998.36234,21404.46181,21084.00466,20900.12946,20443.75236,20696.46076,20502.14009,N2515
254,115,121,12089.7,11853.9,13005.3038,12999.2303,12645.14416,12665.7238,11819.93828,12503.84126,12725.42674,12023.94503,12151.73266,12727.23978,13003.23591,12857.11544,13120.11031,N2542
576,115,118,20815,21505,21608.08297,21687.17238,21530.93424,21429.81157,21504.18858,20760.87345,20843.43475,21618.63334,21465.69244,20925.6908,20596.26014,20789.7771,20679.8059,N2515
574,115,116,21320,21505,21554.94222,21605.95451,21532.8729,21441.82993,21504.18858,21114.85379,21154.4415,21427.76519,21100.64054,21075.56299,20673.79099,20862.10293,20710.32401,N2515
248,115,115,11674.9,11853.9,11993.71517,11929.67825,11862.30677,11813.59734,11819.93828,11923.34151,11959.8561,11825.77597,11795.39087,11880.74023,11846.93477,11965.041,11876.66941,N2542
249,115,116,11788.6,11853.9,12116.45108,12078.09838,11960.3139,11881.08366,11819.93828,12020.09147,12084.17542,11834.02776,11804.183,12036.73972,11996.67165,12135.69681,12039.39609,N2542
250,115,117,11709.8,11853.9,12335.08679,12300.34393,12143.10979,12129.46873,11819.93828,12116.84143,12209.78701,11787.50402,11747.13587,12159.37066,12076.30892,12246.62945,12130.20548,N2542
251,115,118,11796.4,11853.9,12615.60887,12599.32587,12412.7183,12410.17746,11819.93828,12213.59138,12336.70429,11829.90147,11827.16501,12317.4041,12292.60098,12405.50968,12362.31742,N2542
252,115,119,12106.2,11853.9,12847.29438,12842.21122,12617.43559,12631.61262,11819.93828,12310.34134,12464.94084,11916.69458,11993.67053,12519.83117,12597.29673,12607.54798,12682.52685,N2542
253,115,120,13036.6,11853.9,13275.63013,13298.89611,13067.64709,13130.55562,11819.93828,12407.0913,12594.51037,12319.66141,12692.58707,13070.01731,13452.75911,13118.95948,13559.78484,N2542
255,115,122,12170.5,11853.9,13087.81337,13081.41826,12662.09056,12683.53131,11819.93828,12600.59122,12857.70395,12020.15213,12145.98434,12868.00578,13117.45515,13024.18766,13246.63511,N2542
577,115,119,21710,21505,21691.83578,21835.44721,21628.21637,21560.11953,21504.18858,20583.88327,20689.65023,21365.95212,21056.88939,20460.60808,19990.59037,20307.51094,20097.94735,N2515
578,115,120,22085,21505,21731.51014,21900.41492,21649.15612,21588.48824,21504.18858,20406.8931,20537.00035,21548.56557,21433.763,20418.89703,20131.12863,20408.80008,20268.02254,N2515
573,115,115,21255,21505,21532.86443,21570.18996,21536.4778,21436.9667,21504.18858,21291.84397,21311.68077,21435.7373,21316.95886,21232.29172,21101.80744,21188.99853,21118.41059,N2515
578,114,120,22085,21340,21579.07711,21583.23387,21318.76415,21270.79273,21342.71642,19768.50301,19918.86305,21587.58946,21673.82394,20034.01591,20338.81035,20196.13037,20349.02413,N2515
575,114,117,21660,21340,21448.47292,21367.18812,21222.75157,21158.43319,21342.71642,20454.62127,20528.93397,21447.62699,21320.14826,20621.91214,20703.98905,20697.22842,20565.20021,N2515
574,114,116,21320,21340,21410.96145,21307.43019,21202.06038,21152.56454,21342.71642,20683.32735,20736.41528,21475.75207,21336.97046,20826.08455,21020.37584,20854.98025,20767.67209,N2515
573,114,115,21255,21340,21390.76593,21284.10034,21215.29887,21191.5095,21342.71642,20912.03344,20945.99357,21488.0118,21555.71158,21007.2014,21176.46376,21022.03847,21170.41311,N2515
572,114,114,21505,21340,21364.83758,21266.34994,21234.30844,21294.74939,21342.71642,21140.73953,21157.69001,21577.35909,21747.08277,21298.62467,21555.90898,21298.42375,21551.59585,N2515
251,114,118,11796.4,11641.1,12380.23916,12397.05643,12174.00574,12255.93721,11627.40067,12172.07731,12288.70332,11537.1098,11427.31758,12138.70008,11988.22445,12238.40282,12096.15658,N2542
255,114,122,12170.5,11641.1,12821.82348,12853.03024,12426.92764,12532.35639,11627.40067,12566.52923,12803.68685,11674.2226,11770.10718,12713.86003,12753.33099,12877.89381,12943.26533,N2542
254,114,121,12089.7,11641.1,12747.78312,12778.62519,12409.80972,12513.69814,11627.40067,12467.91625,12672.95222,11644.14184,11768.11429,12580.31764,12650.03665,12710.94703,12823.31439,N2542
253,114,120,13036.6,11641.1,13032.45944,13094.26632,12837.12936,12979.95789,11627.40067,12369.30327,12543.55249,11973.57241,12282.03712,12862.20252,13094.67366,13012.05606,13255.80958,N2542
252,114,119,12106.2,11641.1,12606.41456,12637.06361,12381.96433,12482.97049,11627.40067,12270.69029,12415.47402,11600.9678,11597.60919,12344.76728,12272.60915,12460.06736,12403.78237,N2542
576,114,118,20815,21340,21460.23561,21377.95891,21197.96266,21116.72766,21342.71642,20225.91518,20323.52863,21655.94609,21706.11099,20613.3117,20751.09532,20715.14302,20749.75744,N2515
250,114,117,11709.8,11641.1,12104.2594,12103.25426,11904.10606,11965.41061,11627.40067,12073.46433,12163.22704,11517.85384,11340.38658,11982.0467,11787.07195,12069.88898,11873.87074,N2542
249,114,116,11788.6,11641.1,11891.08912,11876.56942,11709.93422,11749.7052,11627.40067,11974.85135,12039.03196,11571.40843,11385.79778,11886.28622,11720.37434,11946.49003,11789.39762,N2542
248,114,115,11674.9,11641.1,11775.3238,11759.28271,11641.02456,11661.51522,11627.40067,11876.23837,11916.10499,11550.62398,11367.73202,11739.63559,11586.20908,11777.01894,11633.41951,N2542
247,114,114,11853.9,11641.1,11642.05823,11612.41155,11533.76504,11597.60979,11627.40067,11777.62538,11794.4332,11510.54755,11368.8098,11602.0789,11469.01836,11620.25124,11496.79273,N2542
577,114,119,21710,21340,21541.47727,21522.58952,21297.36603,21244.57279,21342.71642,19997.20909,20120.17851,21423.72167,21292.72929,20119.0154,20461.18868,20254.4413,20172.09902,N2515
254,113,121,12089.7,11497.4,12654.11253,12849.77363,12401.80528,12477.80636,11549.66559,12488.94757,12777.61619,11414.36337,11435.95051,12463.05246,12408.64331,12673.52389,12688.99223,N2542
571,113,113,21340,21885,21923.95893,21995.15488,21955.56018,21901.30233,21883.28367,21636.57451,21657.52835,21828.54593,22113.89172,21562.98349,22006.14223,21700.60552,21598.26002,N2515
572,113,114,21505,21885,21957.79942,22054.20659,21966.82318,21953.82026,21883.28367,21449.97461,21491.95809,22009.80937,22531.65175,21538.11406,22313.0196,21765.57568,21864.13615,N2515
246,113,113,11641.1,11497.4,11566.69654,11715.41136,11630.79792,11583.14009,11549.66559,11719.33871,11755.78103,11359.44144,11196.57338,11546.0815,11404.53391,11605.25893,11446.80008,N2542
247,113,114,11853.9,11497.4,11565.05844,11664.06754,11526.79256,11563.96582,11549.66559,11815.53982,11878.90152,11268.5809,10993.39018,11528.98656,11299.66054,11630.7759,11368.09412,N2542
248,113,115,11674.9,11497.4,11696.00066,11821.32319,11632.96284,11631.05001,11549.66559,11911.74092,12003.31147,11307.57444,11001.34629,11664.51126,11406.71589,11808.9991,11502.37948,N2542
249,113,116,11788.6,11497.4,11809.36363,11937.61014,11702.19545,11712.18532,11549.66559,12007.94203,12129.02439,11331.51292,11027.81957,11807.80218,11530.57566,11981.05478,11654.72539,N2542
250,113,117,11709.8,11497.4,12020.32174,12166.97532,11896.2072,11929.84212,11549.66559,12104.14314,12256.05393,11280.42196,10993.03986,11897.2503,11588.70671,12098.29043,11741.6526,N2542
251,113,118,11796.4,11497.4,12294.19786,12461.95405,12166.0716,12220.80657,11549.66559,12200.34424,12384.41387,11301.18392,11084.59463,12045.59862,11779.34432,12252.3766,11965.26836,N2542
252,113,119,12106.2,11497.4,12518.11341,12703.78578,12373.9647,12446.82656,11549.66559,12296.54535,12514.11815,11374.14944,11257.43691,12245.40984,12052.17971,12449.70622,12272.00213,N2542
255,113,122,12170.5,11497.4,12725.41511,12926.44561,12418.91911,12496.36046,11549.66559,12585.14867,12911.43855,11447.34493,11442.43285,12597.21318,12502.88915,12840.38811,12806.50905,N2542
253,113,120,13036.6,11497.4,12942.32766,13162.09155,12829.01463,12943.50611,11549.66559,12392.74646,12645.18085,11750.63564,11929.22326,12753.88,12852.30749,12969.40772,13119.33107,N2542
578,113,120,22085,21885,22235.36958,22485.62963,22083.08955,22136.35082,21883.28367,20330.37525,20524.78168,22045.31776,22455.74996,20471.14615,21586.80674,20930.38395,20961.82126,N2515
577,113,119,21710,21885,22186.90792,22410.12463,22060.83375,22105.83582,21883.28367,20516.97514,20682.90098,21859.59305,22060.90657,20523.5464,21313.83914,20901.64652,21049.87578,N2515
576,113,118,20815,21885,22088.85989,22245.39178,21957.44257,21965.93883,21883.28367,20703.57504,20842.2384,22120.12848,22489.20183,20983.80825,21836.28267,21263.82149,21266.00189,N2515
575,113,117,21660,21885,22069.80458,22222.82377,21983.05993,21997.75143,21883.28367,20890.17493,21002.80333,21904.82445,22089.31473,20959.05938,21554.74194,21192.6064,21156.51856,N2515
574,113,116,21320,21885,22021.501,22147.57527,21960.71164,21963.95554,21883.28367,21076.77483,21164.60522,21925.23633,22106.74382,21130.22979,21678.5951,21360.53025,21420.33745,N2515
573,113,115,21255,21885,21992.89878,22107.50111,21970.09586,21966.06804,21883.28367,21263.37472,21327.65361,21933.10199,22333.37646,21277.82569,22008.76003,21523.33635,21532.1053,N2515
573,112,115,21255,21540,21673.13571,21651.6794,21485.87843,21568.11916,21540.00001,20385.74072,20502.3939,21564.6938,21843.29859,20276.4251,20942.0668,20894.19047,21050.88377,N2515
572,112,114,21505,21540,21643.1977,21608.60039,21485.63177,21574.11991,21540.00001,20672.34112,20756.55864,21643.54434,22037.22298,20655.40133,21352.17748,21234.26643,21434.57164,N2515
575,112,117,21660,21540,21738.75268,21749.58641,21496.80985,21580.7802,21540.00001,19812.53992,20003.36308,21532.85799,21604.59249,19709.16901,20273.58054,20350.70369,20440.20254,N2515
576,112,118,20815,21540,21754.89499,21767.25212,21473.94762,21547.92822,21540.00001,19525.93952,19758.42125,21748.13101,21995.70457,19612.92968,20416.809,20424.40825,20619.1569,N2515
577,112,119,21710,21540,21838.86295,21912.53174,21566.13335,21677.99814,21540.00001,19239.33912,19516.47874,21490.90802,21576.80771,19053.68449,19808.47597,19913.76109,20040.77889,N2515
571,112,113,21340,21540,21614.33457,21569.71936,21489.1846,21576.81904,21540.00001,20958.94152,21013.87421,21452.57592,21628.63017,20784.70831,21176.31038,21175.8968,21232.06624,N2515
570,112,112,21885,21540,21581.07006,21533.68648,21495.46187,21609.98115,21540.00001,21245.54192,21274.37968,21487.97954,21402.40114,21148.43615,21172.56873,21262.80458,21204.68442,N2515
574,112,116,21320,21540,21697.4884,21684.68002,21476.98595,21554.14032,21540.00001,20099.14032,20251.34142,21555.41199,21621.63912,20006.71687,20509.57801,20537.43039,20645.92972,N2515
578,112,120,22085,21540,21880.24438,21977.69825,21585.97716,21705.92185,21540.00001,18952.73872,19277.49882,21677.89105,21962.98676,18888.56368,19939.56518,19999.69722,20212.15957,N2515
254,112,121,12089.7,11919,13243.98386,13187.45361,12590.48347,12617.7768,11858.31072,13127.86208,13234.36627,11785.00857,11769.24216,13057.90631,12982.20539,13489.2842,13134.74836,N2542
245,112,112,11497.4,11919,11942.90951,11838.0993,11755.85981,11735.12347,11858.31072,11965.44843,11977.25994,11944.4682,11967.32973,12005.75394,12039.01481,12081.98912,12056.62201,N2542
246,112,113,11641.1,11919,12029.09224,11952.8985,11806.43731,11725.78062,11858.31072,12094.6055,12110.82312,11752.4955,11591.33008,11917.22844,11794.63432,12049.30899,11818.99563,N2542
247,112,114,11853.9,11919,12047.07255,11952.69076,11729.46392,11690.04535,11858.31072,12223.76258,12245.87571,11663.8946,11375.86468,11930.15273,11707.19294,12135.79545,11742.14077,N2542
248,112,115,11674.9,11919,12193.36076,12105.16736,11826.36178,11785.21545,11858.31072,12352.91965,12382.43433,11703.39469,11377.822,12089.33165,11838.30605,12360.33066,11885.1235,N2542
249,112,116,11788.6,11919,12322.97213,12235.2972,11897.64805,11858.30405,11858.31072,12482.07672,12520.51576,11726.50219,11398.48087,12254.30014,11986.26188,12553.02016,12047.15629,N2542
250,112,117,11709.8,11919,12547.11864,12469.71518,12089.1128,12070.92356,11858.31072,12611.23379,12660.137,11669.56696,11355.437,12366.33648,12064.66938,12677.20991,12141.8187,N2542
251,112,118,11796.4,11919,12832.32124,12770.21184,12356.88223,12363.13995,11858.31072,12740.39086,12801.31521,11684.20241,11442.71606,12542.97858,12280.83612,12875.0876,12375.16174,N2542
252,112,119,12106.2,11919,13069.5925,13018.4918,12562.86827,12587.23971,11858.31072,12869.54794,12944.06776,11746.63154,11610.48055,12768.91031,12581.23487,13113.39305,12692.9039,N2542
253,112,120,13036.6,11919,13500.57749,13477.8628,13013.95843,13080.08391,11858.31072,12998.70501,13088.41219,12123.23793,12292.16383,13305.17844,13437.54625,13626.01399,13565.75051,N2542
255,112,122,12170.5,11919,13334.84808,13275.8076,12607.45009,12636.20977,11858.31072,13257.01915,13381.94794,11821.44319,11763.48908,13212.17752,13088.01301,13696.36968,13255.43185,N2542
575,111,117,21660,21890,22139.42941,22414.68574,22066.29592,21961.31876,21886.72905,19656.26367,19970.31635,21789.28792,21592.0353,19682.53877,19743.48706,20022.09872,20009.42363,N2515
255,111,122,12170.5,11444.3,12883.68262,12966.90211,12321.33712,12472.12654,11449.73281,12852.22939,13090.57488,11444.27876,11443.93622,12792.806,12813.79625,13123.65651,13039.29583,N2542
578,111,120,22085,21890,22287.69431,22657.34471,22140.32697,22075.1017,21886.72905,18752.03452,19237.3873,21929.63717,21950.22127,18837.04082,19279.07252,19451.78233,19689.17187,N2515
577,111,119,21710,21890,22242.95792,22585.70122,22123.85296,22049.87088,21886.72905,19053.44424,19478.65837,21742.35833,21564.26668,19014.22201,19199.41944,19541.95624,19554.23721,N2515
576,111,118,20815,21890,22163.57277,22445.64217,22047.32179,21933.07936,21886.72905,19354.85396,19722.9554,22005.0736,21982.92006,19586.47646,19836.52393,19985.64375,20151.56301,N2515
245,111,112,11497.4,11444.3,11610.85815,11633.78904,11512.25589,11591.14084,11449.73281,11742.55035,11763.96996,11545.62,11554.2932,11804.23697,11863.60931,11869.21445,11878.75998,N2542
570,111,112,21885,21890,21956.38308,22130.8178,22044.74353,21909.49497,21886.72905,21163.31226,21254.44184,21746.66286,21389.96148,21119.46184,20844.93809,21190.95444,20928.54092,N2515
571,111,113,21340,21890,21994.35458,22193.93807,22055.84872,21925.8379,21886.72905,20861.90254,20991.17515,21704.93596,21616.05901,20745.62854,20805.29893,20914.57382,20921.26054,N2515
572,111,114,21505,21890,22028.76501,22246.12431,22056.19077,21938.48296,21886.72905,20560.49282,20731.1694,21891.54875,22024.41434,20607.84749,20933.48474,20870.53004,21086.22543,N2515
253,111,120,13036.6,11444.3,13071.11056,13182.27292,12718.3207,12905.95581,11449.73281,12630.29358,12813.79456,11747.73055,11928.16513,12908.88011,13155.39939,13149.98795,13353.66114,N2542
254,111,121,12089.7,11444.3,12805.17259,12886.97857,12304.7676,12454.03294,11449.73281,12741.26149,12951.44537,11427.43215,11434.44377,12631.95384,12709.36968,12929.58755,12921.2135,N2542
251,111,118,11796.4,11444.3,12430.55658,12495.62254,12076.65577,12204.83024,11449.73281,12408.35777,12542.86634,11276.38365,11084.7993,12206.01547,12041.67745,12457.30156,12182.72297,N2542
252,111,119,12106.2,11444.3,12654.85566,12734.40026,12277.7955,12424.49301,11449.73281,12519.32568,12677.60673,11368.35844,11257.32317,12404.2295,12328.55986,12658.27025,12495.93962,N2542
574,111,116,21320,21890,22094.85576,22343.38635,22049.81157,21935.09992,21886.72905,19957.67339,20220.77965,21809.07318,21609.07203,19968.45764,20018.97066,20287.55031,20243.95576,N2515
244,111,111,11919,11444.3,11596.951,11632.68808,11572.61195,11686.48594,11449.73281,11631.58244,11638.9399,11477.98154,11479.06484,11651.2515,11674.67368,11685.85864,11674.96993,N2542
569,111,111,21540,21890,21912.079,22035.93083,22000.80689,21801.4525,21886.72905,21464.72198,21521.01035,21813.34584,21527.41749,21510.831,21237.82266,21540.36185,21293.12972,N2515
246,111,113,11641.1,11444.3,11686.36374,11713.21481,11532.43789,11602.11797,11449.73281,11853.51825,11890.34314,11346.49492,11197.20407,11698.56971,11611.82355,11799.91484,11643.61684,N2542
247,111,114,11853.9,11444.3,11694.04779,11715.25129,11465.89011,11539.70618,11449.73281,11964.48615,12018.07388,11243.3505,10994.93667,11693.00106,11515.51601,11845.27448,11565.92046,N2542
248,111,115,11674.9,11444.3,11828.8247,11856.81157,11557.97248,11638.54227,11449.73281,12075.45406,12147.17674,11272.27734,11002.44507,11833.41465,11634.55951,12033.47578,11706.38778,N2542
249,111,116,11788.6,11444.3,11946.88296,11979.80856,11628.33938,11714.15115,11449.73281,12186.42196,12277.66648,11291.53519,11028.40236,11976.56591,11770.45415,12199.27938,11863.91662,N2542
250,111,117,11709.8,11444.3,12158.53028,12204.85066,11815.09572,11919.03741,11449.73281,12297.38987,12409.558,11242.53001,10993.21575,12060.11841,11838.52812,12298.3664,11955.50721,N2542
573,111,115,21255,21890,22064.07282,22299.29884,22057.05977,21943.36981,21886.72905,20259.08311,20474.3842,21816.60778,21830.60267,20227.37064,20486.74403,20527.75463,20674.87151,N2515
569,110,111,21540,21230,21277.28167,20932.90601,20872.04667,20621.40159,21230.00002,20332.14838,20389.55885,21300.56001,21055.46378,20226.98843,20291.69118,20326.40688,20720.75191,N2515
570,110,112,21885,21230,21306.47508,20965.22841,20870.1358,20531.57427,21230.00002,19831.38533,19942.19189,21243.03914,20921.02127,19612.38754,19783.37092,19859.46559,20207.19502,N2515
571,110,113,21340,21230,21332.31816,20999.2665,20870.97126,20473.06281,21230.00002,19330.62229,19504.64059,21200.3226,21142.16198,18999.8728,19609.77552,19581.08175,19756.07247,N2515
572,110,114,21505,21230,21356.2766,21030.19844,20869.25986,20439.29915,21230.00002,18829.85924,19076.6896,21386.19905,21541.56478,18624.67603,19590.32097,19459.65886,19584.31428,N2515
573,110,115,21255,21230,21380.70819,21063.30867,20869.58585,20422.54261,21230.00002,18329.0962,18658.12827,21311.90904,21352.00212,18008.90211,19031.42829,18949.6614,19088.37826,N2515
574,110,116,21320,21230,21402.7454,21088.8884,20863.00926,20403.18993,21230.00002,17828.33315,18248.75059,21305.38595,21135.32818,17498.45938,18455.70634,18437.31731,18821.31689,N2515
575,110,117,21660,21230,21432.07425,21137.79431,20877.7133,20421.63544,21230.00002,17327.57011,17848.35506,21285.40816,21118.66496,16963.59578,18058.84053,18085.9199,18444.27785,N2515
568,110,110,21890,21230,21259.84041,20990.66886,20960.59102,20914.52519,21230.00002,20832.91142,20846.96169,21347.46129,21407.73882,20784.5247,21018.70606,20979.13977,20949.26067,N2515
245,110,112,11497.4,11417.7,11703.80048,11892.16572,11670.70975,11690.92355,11489.41375,12014.1521,11975.83373,11554.09634,11548.75356,12074.36975,12093.38739,12144.71386,12037.26748,N2542
254,110,121,12089.7,11417.7,12926.88412,13221.20355,12466.59995,12575.33771,11489.41375,13214.93752,13230.89333,11456.86115,11430.37457,13264.53524,13080.28221,13602.26706,13112.65433,N2542
253,110,120,13036.6,11417.7,13189.23804,13503.96987,12884.20223,13032.14164,11489.41375,13081.51692,13085.186,11778.66603,11925.19009,13470.87122,13529.84682,13731.87744,13540.65342,N2542
252,110,119,12106.2,11417.7,12769.76241,13047.94065,12439.36278,12545.51619,11489.41375,12948.09632,12941.08329,11404.69476,11255.76668,12922.68885,12668.37498,13197.47067,12671.65463,N2542
251,110,118,11796.4,11417.7,12542.20775,12800.02511,12236.25863,12323.34945,11489.41375,12814.67571,12798.56754,11295.81146,11084.6054,12687.64687,12363.00834,12955.08714,12360.56512,N2542
250,110,117,11709.8,11417.7,12266.99933,12500.51287,11972.12236,12034.70066,11489.41375,12681.25511,12657.62127,11256.91367,10991.88935,12502.48228,12141.80891,12755.94543,12126.03839,N2542
249,110,116,11788.6,11417.7,12052.19354,12266.73662,11783.5882,11827.91441,11489.41375,12547.83451,12518.22719,11298.72154,11026.80513,12372.05006,12059.46386,12618.55249,12028.28369,N2542
248,110,115,11674.9,11417.7,11930.98468,12133.99363,11712.36766,11749.84667,11489.41375,12414.41391,12380.36821,11269.03249,11000.00651,12189.42807,11906.26359,12415.96182,11864.56085,N2542
247,110,114,11853.9,11417.7,11793.11455,11984.73297,11619.92095,11651.58895,11489.41375,12280.9933,12244.02742,11237.49702,10991.97389,12015.12124,11770.04225,12191.67527,11721.82853,N2542
246,110,113,11641.1,11417.7,11782.32862,11969.15362,11685.36771,11719.69669,11489.41375,12147.5727,12109.18811,11348.23922,11192.90789,11994.31481,11853.13515,12110.57069,11800.59445,N2542
578,110,120,22085,21230,21527.74342,21308.89127,20943.845,20521.56238,21230.00002,15825.28097,16699.11212,21435.32149,21468.99827,15451.65337,17192.55028,17275.68925,17612.85752,N2515
244,110,111,11919,11417.7,11686.89063,11847.78394,11712.96405,11796.16427,11489.41375,11880.73149,11843.94795,11496.60984,11473.14579,11899.57067,11883.79835,11926.66071,11828.5109,N2542
243,110,110,11444.3,11417.7,11531.34724,11751.85477,11644.5087,11621.49082,11489.41375,11747.31089,11713.51458,11466.05204,11439.5514,11737.90622,11711.11817,11731.63863,11655.03499,N2542
577,110,119,21710,21230,21498.33293,21259.82674,20929.12761,20499.0107,21230.00002,16326.04402,17073.72646,21238.60696,21091.50511,15824.43254,17272.04535,17346.28217,17763.85507,N2515
576,110,118,20815,21230,21450.59727,21152.10537,20860.75689,20392.37973,21230.00002,16826.80706,17456.7446,21500.92337,21500.9802,16637.45692,17996.55661,17998.40325,18269.0264,N2515
570,109,112,21885,22390,22633.30794,22579.46864,22335.51104,22020.78993,22392.02082,21129.66998,21229.23906,22273.90295,21833.36042,20819.99444,20752.24736,21185.97305,20793.74296,N2515
573,109,115,21255,22390,22785.07075,22776.10061,22342.98761,22013.23235,22392.02082,20158.48362,20377.12007,22332.59883,22283.76432,19768.9877,20335.01436,20397.51831,20464.5846,N2515
578,109,120,22085,22390,23125.62648,23233.40471,22467.58287,22160.96086,22392.02082,18539.83968,19032.24849,22414.11553,22393.96933,18034.02184,19008.06528,19244.7918,19350.64358,N2515
577,109,119,21710,22390,23057.50749,23141.89867,22442.91284,22131.41636,22392.02082,18863.56847,19293.92741,22239.54866,22009.0722,18262.31613,18965.27725,19333.93899,19251.55856,N2515
576,109,118,20815,22390,22920.47197,22949.15774,22328.3065,21994.06898,22392.02082,19187.29726,19559.20422,22525.66226,22427.80745,18884.07692,19605.09226,19862.34699,19856.92031,N2515
574,109,116,21320,22390,22825.472,22826.81549,22332.05473,21999.18292,22392.02082,19834.75483,20100.75006,22332.4142,22063.58561,19423.28672,19857.55498,20167.97515,20016.94457,N2515
575,109,117,21660,22390,22893.29165,22917.83166,22356.72405,22028.33997,22392.02082,19511.02605,19828.12839,22312.35893,22038.41115,19051.08129,19549.70864,19911.24469,19751.0248,N2515
569,109,111,21540,22390,22565.98313,22490.39765,22311.96336,22013.39993,22392.02082,21453.39877,21521.12493,22329.14794,21987.33624,21271.28232,21188.0362,21525.27756,21199.05577,N2515
572,109,114,21505,22390,22735.66233,22712.17833,22342.06435,22014.19619,22392.02082,20482.21241,20657.28995,22401.44088,22471.38553,20217.41058,20783.74643,20719.91154,20888.78274,N2515
571,109,113,21340,22390,22688.03036,22650.92575,22343.37262,22020.28573,22392.02082,20805.9412,20941.31196,22221.66547,22049.73663,20404.68518,20669.22713,20833.88936,20745.91471,N2515
567,109,109,21230,22390,22473.08624,22399.5512,22342.83192,22173.67179,22392.02082,22100.85635,22116.99148,22323.13782,22167.52754,21987.48169,21919.88647,22036.75539,21899.85559,N2515
568,109,110,21890,22390,22542.85056,22470.25462,22349.64154,22103.75781,22392.02082,21777.12756,21817.02401,22387.31283,22338.03804,21651.13822,21799.34179,21822.324,21800.81329,N2515
572,108,114,21505,22785,23254.2732,22809.59365,22331.28448,22066.99607,22794.16367,21131.11365,21200.11473,23013.88867,23273.57292,21147.08011,21924.25306,21196.57943,22090.1678,N2515
577,108,119,21710,22785,23629.14039,23249.08728,22432.08187,22184.88433,22794.16367,19793.29396,20023.94207,22816.64877,22791.85691,19683.43704,20485.60716,19863.64586,20803.29188,N2515
576,108,118,20815,22785,23475.08279,23053.47547,22317.53289,22046.94751,22794.16367,20060.8579,20253.83681,23077.07144,23229.22545,20217.99759,21083.1366,20362.10465,21372.72805,N2515
575,108,117,21660,22785,23440.52414,23020.65033,22345.93622,22081.35601,22794.16367,20328.42184,20486.37097,22873.09291,22819.3103,20300.23067,20904.65139,20412.22688,21156.71643,N2515
574,108,116,21320,22785,23361.79817,22927.63729,22321.27927,22052.05556,22794.16367,20595.98578,20721.57485,22900.13223,22839.9916,20562.93198,21117.72028,20649.44058,21338.86139,N2515
573,108,115,21255,22785,23312.9191,22875.27273,22332.2068,22066.12221,22794.16367,20863.54971,20959.4791,22917.37026,23072.08049,20791.85035,21532.77609,20857.13356,21726.05049,N2515
568,108,110,21890,22785,23025.21818,22559.55352,22339.03022,22153.04395,22794.16367,22201.3694,22190.60363,22949.42991,23131.01571,22221.58315,22584.40644,22227.9687,22647.11669,N2515
571,108,113,21340,22785,23197.58779,22746.60364,22332.59404,22072.8985,22794.16367,21398.67759,21443.5131,22804.77873,22840.27245,21256.69101,21714.34368,21285.83409,21849.95749,N2515
570,108,112,21885,22785,23133.21983,22673.28694,22324.74434,22072.94656,22794.16367,21666.24153,21689.70592,22818.61485,22606.15741,21594.36309,21681.78494,21611.90456,21790.3526,N2515
569,108,111,21540,22785,23055.17485,22582.03492,22301.2407,22064.43919,22794.16367,21933.80547,21938.72528,22896.35984,22755.98676,21974.21681,22016.95555,21980.03968,22101.75634,N2515
567,108,109,21230,22785,22944.5766,22483.00532,22332.74651,22217.34932,22794.16367,22468.93334,22445.37379,22941.00743,22947.35027,22471.68558,22599.21814,22470.81991,22639.45923,N2515
566,108,108,22390,22785,22849.47521,22455.51208,22381.97288,22426.18188,22794.16367,22736.49728,22703.06897,23006.68071,23194.61356,22798.38457,23048.4023,22798.81944,23068.26804,N2515
324,69,69,2010,2670,2601.518966,2580.828213,2598.097158,2644.560936,2528.60813,2554.329771,2573.726837,2481.529259,2493.460918,2297.383257,2323.674438,2328.483195,2303.694263,N1609
324,68,69,2010,2490,2357.913515,2568.387505,2592.798891,2619.889923,2497.775608,2496.303656,2503.413185,2441.58873,2463.48182,2221.281478,2273.635507,2256.768218,2230.458347,N1609
323,68,68,2670,2490,2423.117795,2636.293417,2655.033297,2539.115335,2497.775608,2496.432159,2501.325236,2453.339611,2441.537936,2350.846179,2211.073962,2281.074263,2247.516832,N1609
324,67,69,2010,2820,2615.705078,2490.314452,2531.163556,2560.919346,2499.389579,2498.890557,2510.219849,2459.478933,2472.591655,2230.265641,2254.168078,2214.683295,2217.563939,N1609
323,67,68,2670,2820,2684.657495,2599.649878,2626.607531,2518.0607,2499.389579,2498.77481,2507.310155,2470.953927,2444.66336,2360.237506,2210.609773,2358.624734,2245.612295,N1609
322,67,67,2490,2820,2752.013027,2390.733239,2409.977058,2382.293847,2499.389579,2498.659063,2504.403833,2588.205045,2570.801902,2592.282756,2376.008303,2604.475545,2427.659916,N1609
324,66,69,2010,2190,1942.528869,2246.85998,2308.956561,2327.464093,2380.882872,2290.382506,2248.990125,2437.964003,2471.880701,2232.752168,2229.394876,2220.993263,2370.98805,N1609
321,66,66,2820,2190,2119.002433,2361.13944,2384.938822,2356.653513,2380.882872,2342.448285,2323.453487,2962.005367,2803.561595,2890.348233,2566.255681,2904.913163,3046.174682,N1609
322,66,67,2490,2190,2064.714975,2221.990398,2254.287263,2291.961756,2380.882872,2325.093026,2298.362381,2650.853623,2576.129957,2596.430011,2349.328101,2610.598047,2725.101284,N1609
323,66,68,2670,2190,2008.39843,2244.89975,2295.678553,2266.443224,2380.882872,2307.737766,2273.542236,2493.453509,2451.714085,2363.51695,2205.689607,2364.841381,2535.802624,N1609
322,65,67,2490,2430,2235.80727,2281.513932,2330.830084,2377.733116,2455.848246,2440.583657,2412.888996,2610.513062,2617.239963,2669.163257,2397.515377,2535.035065,2745.226734,N1609
323,65,68,2670,2430,2177.530682,2285.529752,2346.84667,2345.348371,2455.848246,2433.47941,2400.626981,2498.438973,2483.587889,2451.201556,2261.287093,2406.758744,2555.045867,N1609
324,65,69,2010,2430,2108.886869,2299.898306,2376.046534,2396.39347,2455.848246,2426.375163,2388.427281,2494.395929,2505.325234,2335.217749,2282.969563,2385.991534,2389.459483,N1609
320,65,65,2190,2430,2365.498977,2266.472744,2289.705491,2346.762347,2455.848246,2454.792152,2437.601242,2262.770501,2333.772944,2410.467037,2171.644602,2210.442048,2561.10115,N1609
321,65,66,2820,2430,2291.772502,2389.644764,2421.194037,2388.593673,2455.848246,2447.687905,2425.213643,2938.541573,2845.856957,2957.803048,2633.826853,2860.953631,3068.054735,N1609
319,64,64,2430,2220,2154.391628,2400.205722,2424.333975,2493.967883,2482.123249,2476.114007,2461.261649,2768.604459,2812.48167,2607.747503,2613.326903,2536.633564,2675.932786,N1609
320,64,65,2190,2220,2093.626674,2255.376902,2287.652555,2359.993573,2482.123249,2470.707887,2450.514632,2385.625785,2394.325651,2397.170626,2207.88824,2415.120796,2559.096858,N1609
321,64,66,2820,2220,2023.663789,2366.073994,2416.780364,2424.084524,2482.123249,2465.301767,2439.814542,3023.472593,2925.492999,2970.984327,2704.800306,2932.345222,3065.878306,N1609
322,64,67,2490,2220,1971.429787,2265.653277,2327.927584,2410.553565,2482.123249,2459.895647,2429.161174,2702.752566,2680.401601,2680.458188,2467.580227,2638.565104,2743.489322,N1609
323,64,68,2670,2220,1916.891167,2264.839608,2343.045374,2373.000325,2482.123249,2454.489528,2418.554323,2564.841137,2548.48112,2486.428376,2333.322324,2393.339089,2553.623729,N1609
324,64,69,2010,2220,1852.006091,2281.710133,2372.75773,2429.470653,2482.123249,2449.083408,2407.993786,2529.545806,2566.855837,2395.485823,2373.264639,2250.017301,2388.327146,N1609
323,63,68,2670,2460,2066.21149,2479.767413,2555.00942,2583.666657,2562.888349,2640.675466,2667.988407,2674.229441,2608.237656,2464.794554,2342.598942,2388.932095,2540.760525,N1609
324,63,69,2010,2460,2001.210039,2524.323983,2611.862968,2630.543631,2562.888349,2649.192365,2679.132373,2672.14332,2629.85064,2348.7827,2377.833173,2239.176583,2376.310902,N1609
318,63,63,2220,2460,2380.874719,2566.742445,2586.544375,2635.66942,2562.888349,2598.090971,2612.960041,2576.593893,2545.941454,2166.792944,2272.574744,2152.403018,2339.953329,N1609
319,63,64,2430,2460,2313.263451,2536.670163,2563.538205,2581.714699,2562.888349,2606.60787,2623.874158,2918.308571,2886.601004,2579.701183,2609.704797,2558.615038,2662.524676,N1609
320,63,65,2190,2460,2249.810232,2528.230716,2569.949221,2587.625416,2562.888349,2615.124769,2634.833862,2435.301867,2475.086623,2423.329992,2214.654055,2430.410901,2546.230341,N1609
321,63,66,2820,2460,2179.701147,2560.466697,2612.172615,2640.957898,2562.888349,2623.641668,2645.839344,3113.722808,3001.062952,2970.539253,2709.736856,2941.002856,3050.459108,N1609
322,63,67,2490,2460,2123.642786,2513.16583,2577.657301,2594.252398,2562.888349,2632.158567,2656.890795,2784.341615,2752.377847,2682.777855,2479.943184,2640.658405,2729.68005,N1609
318,62,63,2220,2580,2435.148282,2618.982472,2642.453464,2679.715395,2577.102005,2662.745762,2705.367238,2410.822686,2430.502096,1932.194024,2081.11606,1870.773701,2479.654315,N1609
317,62,62,2460,2580,2515.557102,2600.742765,2618.157903,2698.583344,2577.102005,2647.330216,2681.523219,1790.960284,1943.527838,1562.74551,1590.885777,1463.815823,2059.233934,N1609
319,62,64,2430,2580,2367.03256,2645.373666,2682.158269,2706.691622,2577.102005,2678.161309,2729.423276,2752.631305,2753.590778,2336.273862,2392.299813,2257.985462,2827.495973,N1609
320,62,65,2190,2580,2303.247952,2603.73271,2649.090288,2705.754282,2577.102005,2693.576855,2753.69322,2272.98337,2353.400073,2183.875099,2054.239179,2045.37819,2709.700947,N1609
321,62,66,2820,2580,2232.086723,2657.715395,2714.614256,2737.32656,2577.102005,2708.992401,2778.178972,2940.639508,2867.484987,2710.276272,2450.705609,2591.864236,3253.242297,N1609
322,62,67,2490,2580,2175.98319,2599.140531,2665.607164,2710.386238,2577.102005,2724.407947,2802.88245,2609.909515,2625.536395,2410.982164,2215.480996,2282.935506,2917.363844,N1609
323,62,68,2670,2580,2118.236104,2576.59088,2653.835525,2692.466151,2577.102005,2739.823493,2827.805591,2499.282289,2493.326603,2173.383336,2091.370165,2062.975345,2721.256859,N1609
324,62,69,2010,2580,2052.137902,2615.042639,2702.184629,2737.742817,2577.102005,2755.239039,2852.950347,2494.278407,2516.897336,2037.968703,2140.066154,1945.946514,2550.661434,N1609
320,61,65,2190,2730,2380.31648,2767.383706,2809.178559,2691.090786,2568.133241,2742.725965,2827.455326,2232.420336,2272.875139,2045.07025,1962.549946,2978.737435,2857.825087,N1609
322,61,67,2490,2730,2251.834316,2759.867276,2816.644291,2694.127872,2568.133241,2782.542737,2892.65529,2568.814177,2542.73587,2329.243889,2117.26354,3293.908196,3153.811235,N1609
316,61,61,2580,2730,2659.155007,2804.664873,2817.441276,2543.505395,2568.133241,2663.09242,2701.431062,2006.781219,2133.197071,1755.706789,1827.623035,2544.912652,2469.658347,N1609
317,61,62,2460,2730,2594.650326,2687.894775,2705.081041,2691.868275,2568.133241,2683.000807,2732.400492,1701.271847,1873.793342,1497.434102,1559.654731,2338.223947,2219.484508,N1609
318,61,63,2220,2730,2513.182039,2797.707058,2824.706966,2660.631698,2568.133241,2702.909193,2763.724958,2190.816349,2371.961873,1786.048997,2023.833041,2556.813953,2727.152766,N1609
323,61,68,2670,2730,2193.618084,2730.958213,2795.047931,2675.82961,2568.133241,2802.451123,2925.816931,2359.539338,2421.94333,1948.628963,2002.044811,2859.573705,2840.16128,N1609
324,61,69,2010,2730,2126.490093,2777.571588,2849.356312,2721.288069,2568.133241,2822.359509,2959.358739,2386.570237,2426.846293,2007.585773,2007.987406,2960.857075,2866.794867,N1609
319,61,64,2430,2730,2444.532362,2770.180689,2803.434472,2688.614983,2568.133241,2722.817579,2795.408531,2587.175258,2666.616799,2260.684138,2271.305616,3095.10298,3110.263264,N1609
321,61,66,2820,2730,2308.20243,2800.919032,2849.722577,2719.934379,2568.133241,2762.634351,2859.869509,2864.607249,2772.443293,2595.591103,2332.694632,3518.879345,3438.808073,N1609
315,60,60,2730,2880,2802.178352,2207.592019,2228.974382,2391.425889,2565.485278,2595.366406,2637.725726,2616.806673,2571.982899,2338.263001,2313.929692,158212.2548,3070.645882,N1609
322,60,67,2490,2880,2321.882795,2429.575007,2533.602922,2540.63595,2565.485278,2687.917628,2817.555182,2545.997002,2518.065492,2123.130538,2090.167327,254056.9519,3063.372064,N1609
316,60,61,2580,2880,2731.115737,2623.544302,2651.910676,2492.60643,2565.485278,2608.588009,2662.695247,1983.682205,2110.953521,1715.732331,1812.053862,168569.4782,2385.583876,N1609
317,60,62,2460,2880,2666.32529,2259.880789,2304.835196,2501.564114,2565.485278,2621.809612,2687.901136,1678.082964,1860.728963,1360.149285,1537.287653,180205.7738,2167.987239,N1609
318,60,63,2220,2880,2584.658898,2535.30403,2589.622592,2497.507857,2565.485278,2635.031216,2713.345633,2168.161573,2352.559887,1943.388229,2005.296004,193097.6063,2445.275997,N1609
319,60,64,2430,2880,2515.703804,2398.832209,2466.987242,2552.558012,2565.485278,2648.252819,2739.030995,2564.381955,2640.881022,2279.377376,2238.883667,207197.5938,2895.745626,N1609
320,60,65,2190,2880,2451.13228,2459.892848,2539.440149,2524.578175,2565.485278,2661.474422,2764.959502,2209.347939,2263.983061,1807.669683,1928.696423,221593.6381,2777.022789,N1609
321,60,66,2820,2880,2378.695458,2450.520703,2542.465689,2573.962047,2565.485278,2674.696025,2791.133457,2841.784474,2743.795183,2457.700279,2307.044217,237663.5281,3344.090467,N1609
323,60,68,2670,2880,2263.217953,2372.078808,2488.591578,2519.291003,2565.485278,2701.139231,2844.227023,2337.251131,2397.18758,1983.892588,1966.305155,271405.9517,2663.85099,N1609
324,60,69,2010,2880,2195.685376,2437.221933,2565.122283,2571.67949,2565.485278,2714.360835,2871.151349,2364.341834,2404.620757,1973.339604,1977.804513,290537.1598,2746.162525,N1609
320,59,65,2190,2010,1562.49324,2215.88096,2329.995635,2369.51193,2468.759119,2409.059971,2462.376856,2130.87089,2220.185872,1900.221462,1773.258471,134916.1196,109209.5873,N1609
322,59,67,2490,2010,1463.833482,2189.553044,2332.384062,2380.001972,2468.759119,2399.665921,2461.9271,2460.216043,2485.452186,2187.405191,1907.530539,152379.6757,135101.7967,N1609
321,59,66,2820,2010,1525.747284,2232.76361,2359.645149,2415.392862,2468.759119,2404.362946,2462.151968,2791.94312,2707.550473,2480.996743,2108.889068,143773.9197,139265.3086,N1609
314,59,59,2880,2010,1908.942432,2522.105884,2550.172862,2533.538881,2468.759119,2437.242124,2463.726616,2593.933911,2670.107859,2489.529948,2267.785776,94634.61202,86520.68472,N1609
319,59,64,2430,2010,1619.651115,2196.939185,2294.448865,2381.546835,2468.759119,2413.756997,2462.601765,2606.654401,2603.928339,2207.77074,2053.114806,127198.0899,107548.4417,N1609
318,59,63,2220,2010,1673.687897,2278.803158,2363.834089,2353.118279,2468.759119,2418.454022,2462.826694,2265.961953,2323.387568,1784.265272,1838.218592,119280.6049,85760.78333,N1609
324,59,69,2010,2010,1378.883751,2197.681551,2368.628913,2412.844808,2468.759119,2390.27187,2461.477427,2345.792278,2378.23266,1917.360094,1770.17001,171375.7671,135842.0698,N1609
323,59,68,2670,2010,1410.403845,2141.715875,2298.686099,2360.209559,2468.759119,2394.968895,2461.702253,2352.603969,2363.306706,1885.856982,1759.934322,161320.767,124431.3385,N1609
317,59,62,2460,2010,1708.658802,2085.810793,2153.669422,2333.819324,2468.759119,2423.151048,2463.051643,1647.120581,1828.526701,1398.200295,1435.808408,112111.5929,71789.97603,N1609
316,59,61,2580,2010,1781.951004,2334.542449,2391.148734,2296.988203,2468.759119,2427.848073,2463.276614,1998.826423,2083.54061,1694.291263,1653.918189,105771.7224,74605.05937,N1609
315,59,60,2730,2010,1848.967339,2093.365669,2128.269576,2340.570554,2468.759119,2432.545098,2463.501604,2569.482962,2539.530436,2373.512133,2128.435499,100315.4535,90675.76112,N1609
318,58,63,2220,2910,2487.566124,2670.658352,2730.563195,2665.604337,2628.956867,2780.218432,2925.73084,2436.541206,2467.346003,1755.295229,2020.706557,2749.415393,2753.05098,N1609
317,58,62,2460,2910,2501.814673,2531.416877,2582.592023,2580.002678,2628.956867,2758.134623,2882.89237,1807.86704,1960.16233,1510.070372,1548.134605,2526.901411,2225.502848,N1609
316,58,61,2580,2910,2606.534468,2668.034135,2709.067845,2601.052656,2628.956867,2736.050815,2840.68114,2161.833228,2223.591817,1754.115119,1824.6537,2729.679984,2472.243498,N1609
315,58,60,2730,2910,2692.864779,2602.068089,2634.750675,2677.375556,2628.956867,2713.967006,2799.087966,2750.4717,2718.11118,2471.800048,2326.619547,3435.6785,3141.656156,N1609
314,58,59,2880,2910,2758.815518,2751.400535,2772.760608,2642.023318,2628.956867,2691.883197,2758.103797,2787.125031,2859.762009,2611.336808,2479.086269,3558.797886,3169.37197,N1609
313,58,58,2010,2910,2921.598302,2670.414774,2685.256906,2653.905988,2628.956867,2669.799389,2717.719718,3168.626221,3106.213469,2786.398782,2708.020776,3683.33415,3425.234374,N1609
319,58,64,2430,2910,2423.976062,2645.406761,2714.78563,2672.054248,2628.956867,2802.302241,2969.20587,2764.280396,2776.715405,2249.8682,2256.106677,3291.642273,3099.555189,N1609
321,58,66,2820,2910,2323.224262,2689.567843,2777.242434,2724.503983,2628.956867,2846.469858,3058.103588,2963.971758,2885.710468,2606.017471,2324.951651,3723.336143,3445.662004,N1609
322,58,67,2490,2910,2232.514244,2629.236553,2726.184504,2674.547716,2628.956867,2868.553667,3103.545616,2625.066584,2647.39693,2348.8486,2107.23311,3502.344728,3159.713386,N1609
323,58,68,2670,2910,2160.055336,2592.052648,2698.214434,2652.626013,2628.956867,2890.637475,3149.662893,2528.25622,2512.472945,1932.467882,1982.46421,3072.004009,2824.373982,N1609
324,58,69,2010,2910,2138.677349,2658.451225,2773.550456,2718.065263,2628.956867,2912.721284,3196.465452,2484.381167,2519.66616,2000.559285,2004.020988,3177.313396,2836.940219,N1609
320,58,65,2190,2910,2350.033138,2634.882336,2713.440434,2662.005917,2628.956867,2824.386049,3013.32692,2293.474231,2367.255432,2070.800322,1940.383849,3179.228499,2870.534036,N1609
323,57,68,2670,2370,1558.361188,2227.924162,2403.63079,2482.237709,2486.158804,2575.202669,2744.593934,2446.026591,2423.914717,1851.594845,1744.455111,120298.249,86105.1926,N1609
312,57,57,2910,2370,2213.967539,2404.887029,2429.499462,2555.147538,2486.158804,2510.245959,2548.193449,2327.834745,2361.789408,2096.204561,1931.972849,65496.42498,50629.54103,N1609
317,57,62,2460,2370,1831.525617,2206.404203,2299.485807,2395.531299,2486.158804,2539.771736,2635.660896,1738.306328,1885.14121,1401.997354,1418.212997,85782.65791,51397.03187,N1609
321,57,66,2820,2370,1718.842548,2340.930946,2488.682048,2559.891983,2486.158804,2563.392358,2707.791645,2883.771493,2779.516446,2492.331081,2074.389103,108348.1026,97462.18813,N1609
320,57,65,2190,2370,1723.385417,2279.22355,2413.929848,2490.699841,2486.158804,2557.487203,2689.575972,2216.130794,2272.259536,1934.785476,1751.589837,102010.2665,76862.20385,N1609
319,57,64,2430,2370,1791.882405,2306.904176,2427.345797,2504.513605,2486.158804,2551.582047,2671.482838,2691.2329,2674.523478,2173.888344,2029.033773,96640.97131,76127.76308,N1609
318,57,63,2220,2370,1845.704568,2317.881609,2424.799925,2497.987885,2486.158804,2545.676892,2653.511419,2350.948506,2380.390167,1714.531925,1821.533671,90912.27401,61051.8086,N1609
322,57,67,2490,2370,1626.378627,2268.182261,2430.171962,2505.5593,2486.158804,2569.297514,2726.130687,2558.501437,2551.676358,2217.932156,1875.328373,114250.6062,94011.92932,N1609
316,57,61,2580,2370,1940.584874,2304.466867,2383.821876,2445.726088,2486.158804,2533.866581,2617.930456,2081.951071,2147.349995,1670.499802,1637.956615,81342.66597,53717.74455,N1609
314,57,59,2880,2370,2079.013278,2352.682858,2404.185521,2453.34337,2486.158804,2522.05627,2582.826599,2696.139095,2756.074334,2496.049642,2233.271215,73623.111,63009.95438,N1609
313,57,58,2010,2370,2265.993287,2479.703213,2511.671576,2584.36498,2486.158804,2516.151114,2565.451582,3096.889576,2978.14192,2710.802297,2460.976928,69815.57134,63215.32624,N1609
315,57,60,2730,2370,2023.986483,2320.384271,2383.732869,2492.147789,2486.158804,2527.961425,2600.319291,2655.360229,2616.622965,2369.372115,2109.378036,77655.99603,65661.40962,N1609
630,52,52,7459.5,6117,8108.759895,8044.363479,7831.660219,7807.44991,5641.46991,5882.556162,5938.229603,7750.970531,7725.234974,7731.477074,7691.204411,7777.526893,7664.896683,N1100
629,51,51,6117,4536,6444.500867,6373.109465,6217.662439,6178.631937,5613.768166,5866.507065,5920.070246,6390.673956,6474.257792,6426.687875,6463.972919,6406.198788,6450.52462,N1100
630,51,52,7459.5,4536,8185.726024,8103.443979,7882.679253,7827.352607,5613.768166,5881.303572,5937.241999,7817.821013,7932.275104,7828.196029,7897.213466,7865.582252,7873.47288,N1100
628,50,50,4536,4004.5,4620.431989,4517.216605,4417.947519,4440.661747,5679.201093,5862.614711,5914.31536,4485.778141,4441.556703,4454.839062,4459.911518,4459.576303,4456.321596,N1100
629,50,51,6117,4004.5,6462.073842,6369.378519,6163.016159,6150.357174,5679.201093,5877.568408,5931.623253,6395.893687,6411.179618,6371.703631,6419.306021,6382.911293,6395.903301,N1100
630,50,52,7459.5,4004.5,8191.87608,8098.140847,7797.760418,7787.794447,5679.201093,5892.522105,5948.981796,7791.715473,7854.612996,7813.42202,7852.704682,7841.004215,7805.577307,N1100
629,49,51,6117,7860,6468.586041,6380.753584,6141.642219,6170.909086,5797.433237,6178.299756,5941.285001,6395.661851,6343.595731,6423.511934,6371.440685,6460.829405,6394.845713,N1100
630,49,52,7459.5,7860,8196.351541,8103.318204,7781.0735,7812.207994,5797.433237,6199.700101,5958.71979,7791.410967,7773.559544,7801.298484,7767.825254,7798.455892,7784.305045,N1100
627,49,49,4004.5,7860,4113.008122,4046.904938,3975.196379,4049.681091,5797.433237,6135.499067,5906.568311,3990.619576,3910.640537,3997.029346,3937.576332,3975.367283,3956.676628,N1100
628,49,50,4536,7860,4641.868439,4525.103067,4403.067922,4455.913374,5797.433237,6156.899412,5923.901224,4488.32927,4401.046077,4492.80897,4429.60396,4459.122435,4462.897416,N1100
627,48,49,4004.5,6439,4196.954548,4114.690087,4034.760313,4077.733502,5657.563055,5846.731335,5896.586505,4043.378538,3935.474923,4029.494598,3972.917173,4011.796475,3947.860593,N1100
628,48,50,4536,6439,4671.61765,4622.451003,4500.371521,4500.605344,5657.563055,5861.680637,5913.840321,4540.307816,4427.417676,4521.230239,4472.466319,4497.56273,4469.482054,N1100
629,48,51,6117,6439,6495.735028,6435.442645,6223.476766,6233.987408,5657.563055,5876.629939,5931.144622,6434.018564,6382.007634,6471.723618,6420.524993,6501.284259,6385.872937,N1100
630,48,52,7459.5,6439,8228.54565,8163.89619,7876.431792,7865.429958,5657.563055,5891.579241,5948.499557,7840.484956,7822.097811,7840.514631,7842.755886,7840.928768,7752.696805,N1100
626,48,48,7860,6439,8283.936644,8226.068107,7998.523556,7972.55513,5657.563055,5831.782033,5879.383028,8035.423889,7985.204022,8010.683555,7970.453309,7979.578559,7893.221183,N1100
625,47,47,6439,4513.5,6773.405213,6711.802013,6541.556512,6750.347544,5608.917264,5813.706262,5855.305228,6753.563309,6762.382273,6796.001252,6779.667918,6810.776908,6723.070705,N1100
626,47,48,7860,4513.5,8351.412901,8282.456549,8051.209058,8072.590687,5608.917264,5828.639932,5872.289466,8078.193413,8155.424621,8111.363949,8162.998069,8106.821162,8093.619403,N1100
627,47,49,4004.5,4513.5,4214.311708,4179.343823,4108.956688,4214.454532,5608.917264,5843.573601,5889.322969,4091.58472,4015.572918,4138.775493,4066.590215,4146.381844,4053.296302,N1100
628,47,50,4536,4513.5,4684.294082,4649.484711,4561.019999,4678.754688,5608.917264,5858.507271,5906.405881,4582.032212,4511.721463,4635.77268,4576.597832,4639.513995,4568.127367,N1100
629,47,51,6117,4513.5,6512.104602,6466.861613,6294.0349,6372.269932,5608.917264,5873.440941,5923.538345,6505.854501,6521.242167,6602.12921,6575.411787,6650.625182,6541.185749,N1100
630,47,52,7459.5,4513.5,8249.115723,8193.094421,7945.492567,8025.989479,5608.917264,5888.37461,5940.720504,7891.37291,7981.036312,7971.860079,8040.174395,7997.681655,8011.476852,N1100
628,46,50,4536,3965,4686.184869,4656.647149,4750.703623,4802.852245,5680.080379,6108.722108,5917.763286,4637.825986,4533.982477,4739.789555,4609.797249,4713.846734,4607.613665,N1100
630,46,52,7459.5,3965,8252.397279,8198.350607,8122.246314,8160.449377,5680.080379,6149.475681,5952.484023,7935.587406,8023.744605,8078.254388,8121.020623,8079.011853,8065.881836,N1100
629,46,51,6117,3965,6514.698584,6471.664054,6467.375773,6508.820039,5680.080379,6129.098895,5935.098264,6530.914123,6548.559059,6693.864088,6634.733422,6728.448035,6595.038628,N1100
626,46,48,7860,3965,8356.164723,8309.787149,8253.896566,8189.11378,5680.080379,6067.968535,5883.245074,8134.748205,8198.91972,8202.481133,8242.184058,8174.225106,8147.013624,N1100
627,46,49,4004.5,3965,4216.186762,4186.572004,4275.930489,4386.354026,5680.080379,6088.345322,5900.478938,4141.840851,4033.641578,4231.482134,4097.537571,4217.241635,4086.830042,N1100
624,46,46,4513.5,3965,4589.25387,4634.562313,4793.416791,4804.544812,5680.080379,6027.214962,5848.928206,4687.824087,4567.378349,4752.671854,4605.995695,4753.275434,4563.406032,N1100
625,46,47,6439,3965,6786.384082,6728.582311,6665.824013,6827.573101,5680.080379,6047.591749,5866.061546,6791.301024,6798.314811,6870.913518,6840.765154,6874.742042,6767.128446,N1100
623,45,45,3965,8096,4164.312709,4151.774437,4478.597571,4489.753518,5843.357,6153.540585,24161133.1,4385.832629,4224.198358,4483.032745,4297.612585,4495.093623,4332.918486,N1100
624,45,46,4513.5,8096,4619.227647,4658.079345,5042.280986,4963.876807,5843.357,6177.365121,29397745.16,4784.781618,4655.122177,4893.904201,4749.428311,4907.664475,4778.448651,N1100
625,45,47,6439,8096,6794.26321,6768.251835,7035.781553,7055.444667,5843.357,6201.189658,35769324.92,6887.859181,6937.373654,7018.002012,7056.277549,7036.475515,7108.784338,N1100
626,45,48,7860,8096,8361.761949,8321.617818,8533.371369,8464.821997,5843.357,6225.014195,43521861.91,8210.204333,8365.895896,8341.250559,8507.727099,8358.863623,8561.745087,N1100
627,45,49,4004.5,8096,4218.82084,4196.137741,4634.259668,4624.161939,5843.357,6248.838732,52954660.69,4222.140991,4090.941618,4379.871882,4229.575788,4404.587694,4204.529943,N1100
628,45,50,4536,8096,4689.042779,4661.053658,5082.467308,5070.035559,5843.357,6272.663268,64431896.19,4712.001062,4589.982686,4887.137599,4764.803733,4916.199672,4760.529298,N1100
629,45,51,6117,8096,6518.659212,6476.056721,6794.576424,6761.374486,5843.357,6296.487805,78396673.55,6636.413079,6621.32522,6869.858465,6852.913941,6913.624505,6980.776432,N1100
630,45,52,7459.5,8096,8257.412797,8202.363706,8427.15043,8382.739888,5843.357,6320.312342,95388135.18,8018.889736,8114.565658,8246.196126,8387.502721,8288.131795,8482.637957,N1100
626,44,48,7860,6531,8336.948506,8279.655807,8332.752158,8339.691845,5645.490148,6066.432022,5881.068608,8167.23797,8373.286356,8276.781836,8471.861804,8224.825194,8443.507992,N1100
630,44,52,7459.5,6531,8233.040094,8172.656925,8233.530661,8244.24884,5645.490148,6147.822177,5950.239335,7972.756288,8161.3503,8150.579675,8353.168618,8140.262905,8361.259987,N1100
629,44,51,6117,6531,6499.418295,6452.018512,6609.5532,6638.00281,5645.490148,6127.474638,5932.870754,6573.150663,6662.27614,6741.39994,6832.155761,6787.012978,6884.95956,N1100
627,44,49,4004.5,6531,4206.349534,4177.212034,4461.290042,4511.861695,5645.490148,6086.779561,5898.285538,4176.809595,4112.131169,4301.251293,4212.76762,4270.481166,4166.914536,N1100
628,44,50,4536,6531,4675.199844,4641.741723,4901.971161,4950.884722,5645.490148,6107.1271,5915.55287,4670.275335,4612.068119,4820.883759,4748.584807,4769.741195,4721.201802,N1100
625,44,47,6439,6531,6773.28105,6730.727015,6862.276811,6901.874607,5645.490148,6046.084483,5863.901933,6831.860988,6942.936948,6922.0806,7027.600353,6922.718102,7011.017128,N1100
624,44,46,4513.5,6531,4599.106526,4582.806614,4837.812507,4862.212328,5645.490148,6025.736945,5846.785368,4728.574772,4663.21195,4802.121264,4732.59534,4798.642812,4714.659167,N1100
623,44,45,3965,6531,4106.684159,4103.686571,4352.704086,4425.04902,5645.490148,6005.389406,5829.718766,4323.287331,4228.125672,4381.605884,4286.503927,4397.139195,4274.481531,N1100
622,44,44,8096,6531,7755.250475,7769.731549,7808.119566,7832.215918,5645.490148,5985.041867,5812.70198,7769.121994,8000.134277,7803.041263,8002.78858,7763.867243,7915.033488,N1100
627,43,49,4004.5,4977.5,4206.222907,4178.618236,4595.593973,4593.045573,5580.596136,5843.576718,5894.412557,4215.446546,4200.434024,4378.0949,4327.885184,4447.369932,4410.808519,N1100
630,43,52,7459.5,4977.5,8232.792331,8174.803893,8378.212076,8328.985822,5580.596136,5888.379673,5946.275343,8004.045941,8330.335631,8225.363646,8615.439014,8344.375971,8782.627051,N1100
629,43,51,6117,4977.5,6499.222703,6453.763819,6749.653353,6720.209682,5580.596136,5873.445355,5928.937243,6600.581464,6800.058937,6798.871029,7027.298683,6981.982196,7216.157301,N1100
628,43,50,4536,4977.5,4675.059144,4643.081524,5035.734239,5028.077383,5580.596136,5858.511036,5911.649697,4711.475927,4711.009215,4905.661107,4867.843178,4955.636205,5014.662896,N1100
626,43,48,7860,4977.5,8336.697333,8282.312708,8475.444703,8424.337965,5580.596136,5828.642399,5877.225678,8215.081879,8568.865815,8359.327519,8767.778274,8392.775874,8808.179876,N1100
625,43,47,6439,4977.5,6773.075302,6733.862796,7007.646383,6975.915861,5580.596136,5813.708081,5860.088912,6857.417063,7106.792836,6987.266613,7263.28789,7081.797098,7301.75758,N1100
624,43,46,4513.5,4977.5,4598.955202,4585.730671,4962.656678,4957.084326,5580.596136,5798.773763,5843.002114,4757.678303,4779.901846,4867.735982,4896.884338,4948.916892,4918.767934,N1100
623,43,45,3965,4977.5,4106.473416,4111.08293,4503.641588,4495.233057,5580.596136,5783.839444,5825.965137,4347.121944,4338.025697,4439.68864,4414.87775,4538.674239,4436.384211,N1100
622,43,44,8096,4977.5,7754.429164,7776.190995,7916.120186,7886.463663,5580.596136,5768.905126,5808.977836,7807.322284,8209.043047,7877.014456,8274.735356,7896.730283,8253.096329,N1100
621,43,43,6531,4977.5,6526.837925,6564.163405,6739.67698,6694.773284,5580.596136,5753.970807,5792.040066,6638.837512,6920.994613,6693.624584,6970.62302,6940.019211,7089.009689,N1100
626,42,48,7860,4441,8325.639866,8270.754917,8472.81515,8382.200647,5624.757917,5832.58402,5881.427199,8141.717209,8406.970885,8282.454662,8658.580176,8355.424039,8723.444753,N1100
630,42,52,7459.5,4441,8221.875721,8166.102448,8375.603592,8288.541125,5624.757917,5892.39783,5950.60877,7960.914435,8160.330304,8158.964043,8522.348015,8301.59431,8654.004456,N1100
629,42,51,6117,4441,6490.604782,6446.714187,6746.97958,6676.961655,5624.757917,5877.444378,5933.237459,6594.179071,6659.492003,6760.192613,6951.844191,6940.575068,7066.088905,N1100
628,42,50,4536,4441,4668.85999,4637.543623,5032.974742,4982.39345,5624.757917,5862.490925,5915.916858,4644.335704,4612.974699,4824.110546,4815.578994,4915.592175,4907.844622,N1100
627,42,49,4004.5,4441,4200.645036,4173.04816,4592.836633,4548.072444,5624.757917,5847.537473,5898.646821,4157.134269,4119.639143,4308.587487,4280.660589,4408.677642,4360.564491,N1100
622,42,44,8096,4441,7737.864378,7709.41086,7913.110679,7850.085024,5624.757917,5772.77021,5813.049931,7752.853956,8054.54362,7817.274017,8193.303787,7864.628893,8196.611218,N1100
625,42,47,6439,4441,6764.073517,6722.346698,7005.032851,6933.240749,5624.757917,5817.630568,5864.257846,6832.800777,6970.944224,6937.649466,7173.637359,7045.774507,7235.359968,N1100
623,42,45,3965,4441,4100.09127,4091.592393,4501.063898,4439.88604,5624.757917,5787.723663,5830.069358,4337.211521,4251.149469,4402.81116,4365.008868,4505.276798,4400.599606,N1100
621,42,43,6531,4441,6476.135563,6517.78036,6737.740189,6667.973344,5624.757917,5757.816758,5796.080188,6728.523069,6785.724627,6720.546366,6915.016335,6909.202952,6973.789325,N1100
620,42,42,4977.5,4441,4690.053871,4678.716628,4973.31028,4885.390223,5624.757917,5742.863305,5779.159984,4799.625137,4793.11651,4826.782659,4877.519902,4874.872794,4896.315652,N1100
624,42,46,4513.5,4441,4592.717502,4568.237536,4959.799135,4916.137574,5624.757917,5802.677115,5847.138614,4730.003116,4688.467892,4818.938969,4824.861686,4914.212408,4874.64415,N1100
625,41,47,6439,8042.5,6752.136866,6706.649453,6832.86765,6797.945889,5675.684648,6217.254568,6567085.31,6718.455841,6791.724629,6885.748575,6906.720822,6922.953858,6953.965718,N1100
630,41,52,7459.5,8042.5,8207.369488,8151.519044,8213.762198,8166.47411,5675.684648,6338.089982,14531210.31,7866.122122,7971.53688,8082.915495,8228.215012,8142.50614,8331.823321,N1100
629,41,51,6117,8042.5,6479.153109,6435.079871,6574.736834,6545.070307,5675.684648,6313.9229,12396981.76,6475.045609,6504.868679,6731.571713,6705.847285,6788.863074,6810.018012,N1100
627,41,49,4004.5,8042.5,4193.233601,4164.809276,4406.751587,4400.367786,5675.684648,6265.588734,9022861.897,4067.922363,4022.847489,4226.766013,4143.486257,4271.518361,4196.414659,N1100
626,41,48,7860,8042.5,8310.950224,8254.66615,8312.38375,8264.402963,5675.684648,6241.421651,7697655.735,8060.421569,8185.755343,8186.244472,8324.745863,8225.460759,8385.25115,N1100
628,41,50,4536,8042.5,4660.622499,4628.964035,4850.331406,4837.792932,5675.684648,6289.755817,10576211.72,4563.973888,4507.830659,4723.002662,4644.431967,4771.183417,4747.68679,N1100
624,41,46,4513.5,8042.5,4584.595763,4554.675628,4779.66675,4770.954754,5675.684648,6193.087486,5602564.073,4616.56784,4566.505244,4765.797553,4649.070635,4798.481476,4686.849708,N1100
622,41,44,8096,8042.5,7723.171089,7676.545656,7760.195123,7699.451531,5675.684648,6144.75332,4077699.142,7655.034382,7836.328681,7740.368238,7879.3601,7762.919849,7950.556315,N1100
621,41,43,6531,8042.5,6456.920573,6419.020154,6542.647901,6546.976646,5675.684648,6120.586237,3478799.138,6535.459913,6582.365575,6787.510075,6654.461787,6814.426528,6807.099878,N1100
620,41,42,4977.5,8042.5,4623.503624,4619.434458,4834.213874,4791.213594,5675.684648,6096.419154,2967860.8,4693.87778,4651.815042,4771.175456,4702.202879,4786.977666,4753.423349,N1100
619,41,41,4441,8042.5,3997.156954,3973.949919,4169.318404,4159.504804,5675.684648,6072.252071,2531965.021,4158.194111,4086.993623,4193.796893,4121.701591,4204.257192,4164.439796,N1100
623,41,45,3965,8042.5,4092.718154,4066.664942,4308.680252,4306.31675,5675.684648,6168.920403,4779704.04,4211.486355,4138.45721,4367.235331,4205.712443,4396.582949,4240.021333,N1100
624,40,46,4513.5,6349,4579.368361,4544.349433,4646.014715,4668.226238,5557.45308,5797.281539,5841.979207,4545.082713,4512.08843,4677.409816,4592.58074,4723.059009,4661.883856,N1100
628,40,50,4536,6349,4655.308946,4619.486819,4717.751494,4738.791103,5557.45308,5856.991208,5910.595802,4507.063462,4477.322973,4682.938216,4584.561927,4681.735806,4666.388036,N1100
627,40,49,4004.5,6349,4188.452914,4156.23562,4276.367698,4303.726223,5557.45308,5842.063791,5893.366465,4020.767286,3989.774604,4166.824919,4079.116564,4185.607697,4143.384429,N1100
626,40,48,7860,6349,8301.474941,8237.626996,8164.885401,8137.187727,5557.45308,5827.136374,5876.187351,8016.064114,8090.842805,8144.189249,8229.070313,8143.06654,8338.310672,N1100
625,40,47,6439,6349,6744.438718,6692.618401,6692.798207,6685.748102,5557.45308,5812.208956,5859.058313,6651.930979,6707.656948,6794.195764,6821.435972,6844.055674,6917.580973,N1100
621,40,43,6531,6349,6449.32854,6401.09918,6413.397472,6412.106548,5557.45308,5752.499287,5791.040021,6404.954356,6482.641518,6570.097341,6555.848363,6749.310206,6658.679352,N1100
623,40,45,3965,6349,4088.048066,4056.955901,4181.332422,4210.304436,5557.45308,5782.354122,5824.949886,4129.579821,4087.372169,4261.179076,4152.769558,4324.615971,4222.343777,N1100
622,40,44,8096,6349,7714.335573,7655.980801,7610.014221,7589.043809,5557.45308,5767.426704,5807.970206,7584.954556,7692.015878,7684.633302,7779.391276,7694.388222,7885.463587,N1100
620,40,42,4977.5,6349,4616.482259,4585.754863,4681.981354,4702.734407,5557.45308,5737.57187,5774.159187,4614.07776,4580.859617,4700.185398,4647.352531,4725.25669,4704.908253,N1100
619,40,41,4441,6349,3979.31298,3954.03236,4077.660061,4105.965384,5557.45308,5722.644452,5757.327561,4090.278768,4029.508363,4151.217961,4069.422816,4145.911696,4119.839138,N1100
618,40,40,8042.5,6349,7932.45664,7899.30951,7823.984329,7804.852491,5557.45308,5707.717035,5740.545,7737.262574,7871.121429,7808.495327,7890.166492,7851.468457,7874.52865,N1100
629,40,51,6117,6349,6471.766258,6421.955071,6435.041242,6431.817378,5557.45308,5871.918626,5927.87551,6419.055581,6463.901896,6606.753509,6613.347631,6695.879401,6712.792063,N1100
